id,method,path,module,operation_id,summary
1,GET,/api/v1/admin/audit-logs,admin-audit,list_audit_logs_api_v1_admin_audit_logs_get,List Audit Logs
2,GET,/api/v1/admin/audit-logs/export,admin-audit,export_audit_logs_api_v1_admin_audit_logs_export_get,Export Audit Logs
3,POST,/api/v1/admin/audit-logs/export,admin-audit,export_audit_logs_api_v1_admin_audit_logs_export_post,Export Audit Logs
4,GET,/api/v1/admin/audit-logs/{entry_id},admin-audit,get_audit_log_api_v1_admin_audit_logs__entry_id__get,Get Audit Log
5,GET,/api/v1/admin/dashboard/adoption-stats,admin-dashboard,get_adoption_stats_api_v1_admin_dashboard_adoption_stats_get,Get Adoption Stats
6,GET,/api/v1/admin/dashboard/charts,admin-dashboard,get_charts_api_v1_admin_dashboard_charts_get,Get Charts
7,GET,/api/v1/admin/dashboard/donation-summary,admin-dashboard,get_donation_summary_api_v1_admin_dashboard_donation_summary_get,Get Donation Summary
8,GET,/api/v1/admin/dashboard/foster-stats,admin-dashboard,get_foster_stats_api_v1_admin_dashboard_foster_stats_get,Get Foster Stats
9,GET,/api/v1/admin/dashboard/grievance-stats,admin-dashboard,get_grievance_stats_api_v1_admin_dashboard_grievance_stats_get,Get Grievance Stats
10,GET,/api/v1/admin/dashboard/inventory-alerts,admin-dashboard,get_inventory_alerts_api_v1_admin_dashboard_inventory_alerts_get,Get Inventory Alerts
11,GET,/api/v1/admin/dashboard/kpis,admin-dashboard,get_kpis_api_v1_admin_dashboard_kpis_get,Get Kpis
12,GET,/api/v1/admin/dashboard/lost-found-stats,admin-dashboard,get_lost_found_stats_api_v1_admin_dashboard_lost_found_stats_get,Get Lost Found Stats
13,GET,/api/v1/admin/dashboard/medical-stats,admin-dashboard,get_medical_stats_api_v1_admin_dashboard_medical_stats_get,Get Medical Stats
14,GET,/api/v1/admin/dashboard/metrics,admin-dashboard,get_system_metrics_api_v1_admin_dashboard_metrics_get,Get System Metrics
15,GET,/api/v1/admin/dashboard/notification-summary,admin-dashboard,get_notification_summary_api_v1_admin_dashboard_notification_summary_get,Get Notification Summary
16,GET,/api/v1/admin/dashboard/recent-activity,admin-dashboard,get_recent_activity_api_v1_admin_dashboard_recent_activity_get,Get Recent Activity
17,GET,/api/v1/admin/dashboard/rescue-stats,admin-dashboard,get_rescue_stats_api_v1_admin_dashboard_rescue_stats_get,Get Rescue Stats
18,GET,/api/v1/admin/dashboard/shelter-stats,admin-dashboard,get_shelter_stats_api_v1_admin_dashboard_shelter_stats_get,Get Shelter Stats
19,GET,/api/v1/admin/dashboard/summary,admin-dashboard,get_summary_api_v1_admin_dashboard_summary_get,Get Summary
20,GET,/api/v1/admin/dashboard/volunteer-stats,admin-dashboard,get_volunteer_stats_api_v1_admin_dashboard_volunteer_stats_get,Get Volunteer Stats
21,GET,/api/v1/admin/permissions,admin,list_permissions_api_v1_admin_permissions_get,List Permissions
22,GET,/api/v1/admin/roles,admin,list_roles_api_v1_admin_roles_get,List Roles
23,POST,/api/v1/admin/roles,admin,create_role_api_v1_admin_roles_post,Create Role
24,GET,/api/v1/admin/roles/{role_id},admin,get_role_api_v1_admin_roles__role_id__get,Get Role
25,PUT,/api/v1/admin/roles/{role_id},admin,update_role_api_v1_admin_roles__role_id__put,Update Role
26,DELETE,/api/v1/admin/roles/{role_id},admin,delete_role_api_v1_admin_roles__role_id__delete,Delete Role
27,GET,/api/v1/admin/users,admin,list_users_api_v1_admin_users_get,List Users
28,POST,/api/v1/admin/users,admin,create_user_api_v1_admin_users_post,Create User
29,GET,/api/v1/admin/users/{user_id},admin,get_user_api_v1_admin_users__user_id__get,Get User
30,PUT,/api/v1/admin/users/{user_id},admin,update_user_api_v1_admin_users__user_id__put,Update User
31,DELETE,/api/v1/admin/users/{user_id},admin,delete_user_api_v1_admin_users__user_id__delete,Delete User
32,GET,/api/v1/adoptions,adoptions,list_applications_api_v1_adoptions_get,List Applications
33,POST,/api/v1/adoptions,adoptions,apply_for_adoption_api_v1_adoptions_post,Apply For Adoption
34,DELETE,/api/v1/adoptions/admin/adoptions/{app_id},adoptions,soft_delete_application_api_v1_adoptions_admin_adoptions__app_id__delete,Soft Delete Application
35,POST,/api/v1/adoptions/bulk/delete,adoptions,bulk_delete_applications_api_v1_adoptions_bulk_delete_post,Bulk Delete Applications
36,POST,/api/v1/adoptions/bulk/status-update,adoptions,bulk_update_application_status_api_v1_adoptions_bulk_status_update_post,Bulk Update Application Status
37,GET,/api/v1/adoptions/my,adoptions,list_my_applications_api_v1_adoptions_my_get,List My Applications
38,GET,/api/v1/adoptions/nearby-shelters,adoptions,find_nearby_shelters_api_v1_adoptions_nearby_shelters_get,Find Nearby Shelters
39,GET,/api/v1/adoptions/{app_id},adoptions,get_application_api_v1_adoptions__app_id__get,Get Application
40,PUT,/api/v1/adoptions/{app_id},adoptions,update_application_api_v1_adoptions__app_id__put,Update Application
41,DELETE,/api/v1/adoptions/{app_id},adoptions,soft_delete_application_api_v1_adoptions__app_id__delete,Soft Delete Application
42,GET,/api/v1/adoptions/{app_id}/agreement,adoptions,get_adoption_agreement_api_v1_adoptions__app_id__agreement_get,Get Adoption Agreement
43,PUT,/api/v1/adoptions/{app_id}/fee,adoptions,update_adoption_fee_api_v1_adoptions__app_id__fee_put,Update Adoption Fee
44,GET,/api/v1/adoptions/{app_id}/follow-ups,adoptions,get_follow_ups_api_v1_adoptions__app_id__follow_ups_get,Get Follow Ups
45,POST,/api/v1/adoptions/{app_id}/follow-ups,adoptions,create_follow_up_api_v1_adoptions__app_id__follow_ups_post,Create Follow Up
46,POST,/api/v1/adoptions/{app_id}/follow-ups/{follow_up_id}/proof,adoptions,submit_follow_up_proof_api_v1_adoptions__app_id__follow_ups__follow_up_id__proof_post,Submit Follow Up Proof
47,GET,/api/v1/adoptions/{app_id}/scores,adoptions,get_scores_api_v1_adoptions__app_id__scores_get,Get Scores
48,POST,/api/v1/adoptions/{app_id}/scores,adoptions,add_score_api_v1_adoptions__app_id__scores_post,Add Score
49,PATCH,/api/v1/adoptions/{app_id}/status,adoptions,update_application_status_api_v1_adoptions__app_id__status_patch,Update Application Status
50,POST,/api/v1/auth/email/verify/confirm,auth,confirm_email_verification_api_v1_auth_email_verify_confirm_post,Confirm Email Verification
51,POST,/api/v1/auth/email/verify/request,auth,request_email_verification_api_v1_auth_email_verify_request_post,Request Email Verification
52,POST,/api/v1/auth/login,auth,login_api_v1_auth_login_post,Login
53,POST,/api/v1/auth/logout,auth,logout_api_v1_auth_logout_post,Logout
54,POST,/api/v1/auth/logout-all,auth,logout_all_api_v1_auth_logout_all_post,Logout All
55,GET,/api/v1/auth/me,auth,get_me_api_v1_auth_me_get,Get Me
56,PUT,/api/v1/auth/me,auth,update_profile_api_v1_auth_me_put,Update Profile
57,POST,/api/v1/auth/mfa/disable,auth,disable_mfa_api_v1_auth_mfa_disable_post,Disable Mfa
58,POST,/api/v1/auth/mfa/enroll,auth,enroll_mfa_api_v1_auth_mfa_enroll_post,Enroll Mfa
59,POST,/api/v1/auth/mfa/enroll/confirm,auth,confirm_mfa_enrollment_api_v1_auth_mfa_enroll_confirm_post,Confirm Mfa Enrollment
60,POST,/api/v1/auth/mfa/verify,auth,verify_mfa_login_api_v1_auth_mfa_verify_post,Verify Mfa Login
61,GET,/api/v1/auth/oauth/accounts,auth,list_oauth_accounts_api_v1_auth_oauth_accounts_get,List Oauth Accounts
62,DELETE,/api/v1/auth/oauth/accounts/{account_id},auth,unlink_oauth_account_api_v1_auth_oauth_accounts__account_id__delete,Unlink Oauth Account
63,POST,/api/v1/auth/oauth/link,auth,link_oauth_account_api_v1_auth_oauth_link_post,Link Oauth Account
64,POST,/api/v1/auth/oauth/login,auth,oauth_login_api_v1_auth_oauth_login_post,Oauth Login
65,POST,/api/v1/auth/password/change,auth,change_password_api_v1_auth_password_change_post,Change Password
66,POST,/api/v1/auth/password/reset/confirm,auth,confirm_password_reset_api_v1_auth_password_reset_confirm_post,Confirm Password Reset
67,POST,/api/v1/auth/password/reset/request,auth,request_password_reset_api_v1_auth_password_reset_request_post,Request Password Reset
68,POST,/api/v1/auth/refresh,auth,refresh_api_v1_auth_refresh_post,Refresh
69,POST,/api/v1/auth/register,auth,register_api_v1_auth_register_post,Register
70,GET,/api/v1/auth/sessions,auth,list_sessions_api_v1_auth_sessions_get,List Sessions
71,DELETE,/api/v1/auth/sessions/{session_id},auth,revoke_session_api_v1_auth_sessions__session_id__delete,Revoke Session
72,GET,/api/v1/companion-pets,companion-pets,list_pets_api_v1_companion_pets_get,List companion pets visible to the caller
73,POST,/api/v1/companion-pets,companion-pets,create_pet_api_v1_companion_pets_post,Create an owner companion pet
74,GET,/api/v1/companion-pets/appointments,companion-pets,list_appointments_api_v1_companion_pets_appointments_get,List authorized veterinary appointments
75,POST,/api/v1/companion-pets/appointments,companion-pets,create_appointment_api_v1_companion_pets_appointments_post,Book a veterinary appointment
76,GET,/api/v1/companion-pets/appointments/{appointment_id},companion-pets,get_appointment_api_v1_companion_pets_appointments__appointment_id__get,Get an authorized appointment
77,POST,/api/v1/companion-pets/appointments/{appointment_id}/cancel,companion-pets,cancel_appointment_api_v1_companion_pets_appointments__appointment_id__cancel_post,Cancel an appointment
78,POST,/api/v1/companion-pets/appointments/{appointment_id}/confirm,companion-pets,confirm_appointment_api_v1_companion_pets_appointments__appointment_id__confirm_post,Confirm an appointment as clinic staff
79,GET,/api/v1/companion-pets/clinics,companion-pets,list_clinics_api_v1_companion_pets_clinics_get,List active veterinary clinics
80,POST,/api/v1/companion-pets/clinics,companion-pets,create_clinic_api_v1_companion_pets_clinics_post,Create a veterinary clinic directory entry
81,PATCH,/api/v1/companion-pets/clinics/{clinic_id},companion-pets,update_clinic_api_v1_companion_pets_clinics__clinic_id__patch,Update a veterinary clinic directory entry
82,DELETE,/api/v1/companion-pets/clinics/{clinic_id},companion-pets,delete_clinic_api_v1_companion_pets_clinics__clinic_id__delete,Soft-delete a veterinary clinic directory entry
83,POST,/api/v1/companion-pets/clinics/{clinic_id}/memberships,companion-pets,add_clinic_membership_api_v1_companion_pets_clinics__clinic_id__memberships_post,Authorize a user for a veterinary clinic
84,DELETE,/api/v1/companion-pets/medical-records/{record_id},companion-pets,delete_medical_record_api_v1_companion_pets_medical_records__record_id__delete,Soft-delete an authorized medical-history record
85,POST,/api/v1/companion-pets/safety-tag/scan,companion-pets,scan_safety_tag_api_v1_companion_pets_safety_tag_scan_post,Privacy-safe public QR safety-tag scan
86,GET,/api/v1/companion-pets/{pet_id},companion-pets,get_pet_api_v1_companion_pets__pet_id__get,Get an authorized companion pet profile
87,PATCH,/api/v1/companion-pets/{pet_id},companion-pets,update_pet_api_v1_companion_pets__pet_id__patch,Update an authorized companion pet profile
88,DELETE,/api/v1/companion-pets/{pet_id},companion-pets,delete_pet_api_v1_companion_pets__pet_id__delete,Soft-delete an owned companion pet
89,GET,/api/v1/companion-pets/{pet_id}/medical-files,companion-pets,list_medical_files_api_v1_companion_pets__pet_id__medical_files_get,List authorized medical-history files
90,POST,/api/v1/companion-pets/{pet_id}/medical-files/upload-url,companion-pets,request_medical_upload_api_v1_companion_pets__pet_id__medical_files_upload_url_post,Request a presigned medical-history upload
91,PUT,/api/v1/companion-pets/{pet_id}/medical-files/{file_id}/confirm,companion-pets,confirm_medical_upload_api_v1_companion_pets__pet_id__medical_files__file_id__confirm_put,Confirm a medical-history upload
92,GET,/api/v1/companion-pets/{pet_id}/medical-records,companion-pets,list_medical_records_api_v1_companion_pets__pet_id__medical_records_get,List a pet's authorized medical history
93,POST,/api/v1/companion-pets/{pet_id}/medical-records,companion-pets,create_medical_record_api_v1_companion_pets__pet_id__medical_records_post,Create a medical-history record
94,GET,/api/v1/companion-pets/{pet_id}/reminders,companion-pets,list_reminders_api_v1_companion_pets__pet_id__reminders_get,List vaccination and medication reminders
95,POST,/api/v1/companion-pets/{pet_id}/reminders,companion-pets,create_reminder_api_v1_companion_pets__pet_id__reminders_post,Create a vaccination or medication reminder
96,DELETE,/api/v1/companion-pets/{pet_id}/reminders/{reminder_id},companion-pets,delete_reminder_api_v1_companion_pets__pet_id__reminders__reminder_id__delete,Soft-delete a vaccination or medication reminder
97,GET,/api/v1/companion-pets/{pet_id}/safety-tag,companion-pets,get_safety_tag_api_v1_companion_pets__pet_id__safety_tag_get,Read safety-tag metadata without revealing its token
98,POST,/api/v1/companion-pets/{pet_id}/safety-tag,companion-pets,provision_safety_tag_api_v1_companion_pets__pet_id__safety_tag_post,Provision or rotate a QR safety tag
99,GET,/api/v1/dashboards/adoption,dashboards,get_adoption_dashboard_api_v1_dashboards_adoption_get,Get Adoption Dashboard
100,GET,/api/v1/dashboards/donor,dashboards,get_donor_dashboard_api_v1_dashboards_donor_get,Get Donor Dashboard
101,GET,/api/v1/dashboards/executive,dashboards,get_executive_dashboard_api_v1_dashboards_executive_get,Get Executive Dashboard
102,GET,/api/v1/dashboards/finance,dashboards,get_finance_dashboard_api_v1_dashboards_finance_get,Get Finance Dashboard
103,GET,/api/v1/dashboards/foster,dashboards,get_foster_dashboard_api_v1_dashboards_foster_get,Get Foster Dashboard
104,GET,/api/v1/dashboards/inventory,dashboards,get_inventory_dashboard_api_v1_dashboards_inventory_get,Get Inventory Dashboard
105,GET,/api/v1/dashboards/medical,dashboards,get_medical_dashboard_api_v1_dashboards_medical_get,Get Medical Dashboard
106,GET,/api/v1/dashboards/operations,dashboards,get_operations_dashboard_api_v1_dashboards_operations_get,Get Operations Dashboard
107,GET,/api/v1/dashboards/public,dashboards,get_public_dashboard_api_v1_dashboards_public_get,Get Public Dashboard
108,GET,/api/v1/dashboards/rescue,dashboards,get_rescue_dashboard_api_v1_dashboards_rescue_get,Get Rescue Dashboard
109,GET,/api/v1/dashboards/rescue/stream,dashboards,stream_rescue_dashboard_api_v1_dashboards_rescue_stream_get,Stream Rescue Dashboard
110,GET,/api/v1/dashboards/shelter,dashboards,get_shelter_dashboard_api_v1_dashboards_shelter_get,Get Shelter Dashboard
111,GET,/api/v1/dashboards/staff,dashboards,get_staff_dashboard_api_v1_dashboards_staff_get,Get Staff Dashboard
112,GET,/api/v1/dashboards/volunteer,dashboards,get_volunteer_dashboard_api_v1_dashboards_volunteer_get,Get Volunteer Dashboard
113,GET,/api/v1/dogs,dogs,list_dogs_api_v1_dogs_get,List Dogs
114,POST,/api/v1/dogs,dogs,register_dog_api_v1_dogs_post,Register Dog
115,GET,/api/v1/dogs/admin/dogs/{dog_id},dogs,get_dog_api_v1_dogs_admin_dogs__dog_id__get,Get Dog
116,PATCH,/api/v1/dogs/admin/dogs/{dog_id}/status,dogs,update_dog_status_api_v1_dogs_admin_dogs__dog_id__status_patch,Update Dog Status
117,POST,/api/v1/dogs/bulk/delete,dogs,bulk_delete_dogs_api_v1_dogs_bulk_delete_post,Bulk Delete Dogs
118,POST,/api/v1/dogs/bulk/status-update,dogs,bulk_update_dog_status_api_v1_dogs_bulk_status_update_post,Bulk Update Dog Status
119,GET,/api/v1/dogs/{dog_id},dogs,get_dog_api_v1_dogs__dog_id__get,Get Dog
120,PUT,/api/v1/dogs/{dog_id},dogs,update_dog_api_v1_dogs__dog_id__put,Update Dog
121,DELETE,/api/v1/dogs/{dog_id},dogs,soft_delete_dog_api_v1_dogs__dog_id__delete,Soft Delete Dog
122,PATCH,/api/v1/dogs/{dog_id}/status,dogs,update_dog_status_api_v1_dogs__dog_id__status_patch,Update Dog Status
123,GET,/api/v1/dogs/{dog_id}/timeline,dogs,get_dog_timeline_api_v1_dogs__dog_id__timeline_get,Get Dog Timeline
124,POST,/api/v1/dogs/{dog_id}/weight,dogs,record_dog_weight_api_v1_dogs__dog_id__weight_post,Record Dog Weight
125,GET,/api/v1/dogs/{dog_id}/weights,dogs,get_dog_weight_history_api_v1_dogs__dog_id__weights_get,Get Dog Weight History
126,GET,/api/v1/donations,donations,list_all_donations_api_v1_donations_get,List All Donations
127,POST,/api/v1/donations,donations,record_manual_donation_api_v1_donations_post,Record Manual Donation
128,POST,/api/v1/donations/bulk/status-update,donations,bulk_update_donation_status_api_v1_donations_bulk_status_update_post,Bulk Update Donation Status
129,GET,/api/v1/donations/campaigns,donations,list_public_campaigns_api_v1_donations_campaigns_get,List Public Campaigns
130,POST,/api/v1/donations/campaigns,donations,create_campaign_api_v1_donations_campaigns_post,Create Campaign
131,GET,/api/v1/donations/campaigns/manage,donations,list_all_campaigns_api_v1_donations_campaigns_manage_get,List All Campaigns
132,GET,/api/v1/donations/campaigns/{campaign_id},donations,get_campaign_api_v1_donations_campaigns__campaign_id__get,Get Campaign
133,PATCH,/api/v1/donations/campaigns/{campaign_id},donations,update_campaign_api_v1_donations_campaigns__campaign_id__patch,Update Campaign
134,DELETE,/api/v1/donations/campaigns/{campaign_id},donations,delete_campaign_api_v1_donations_campaigns__campaign_id__delete,Delete Campaign
135,POST,/api/v1/donations/checkout,donations,initiate_donation_checkout_api_v1_donations_checkout_post,Initiate Donation Checkout
136,GET,/api/v1/donations/donors,donations,list_donors_api_v1_donations_donors_get,List Donors
137,POST,/api/v1/donations/donors/bulk/delete,donations,bulk_delete_donors_api_v1_donations_donors_bulk_delete_post,Bulk Delete Donors
138,GET,/api/v1/donations/donors/me,donations,get_my_donor_profile_api_v1_donations_donors_me_get,Get My Donor Profile
139,PUT,/api/v1/donations/donors/{donor_id},donations,update_donor_api_v1_donations_donors__donor_id__put,Update Donor
140,DELETE,/api/v1/donations/donors/{donor_id},donations,soft_delete_donor_api_v1_donations_donors__donor_id__delete,Soft Delete Donor
141,GET,/api/v1/donations/history,donations,get_donation_history_api_v1_donations_history_get,Get Donation History
142,GET,/api/v1/donations/recurring,donations,list_my_recurring_subscriptions_api_v1_donations_recurring_get,List My Recurring Subscriptions
143,POST,/api/v1/donations/recurring,donations,create_recurring_subscription_api_v1_donations_recurring_post,Create Recurring Subscription
144,DELETE,/api/v1/donations/recurring/{subscription_id},donations,cancel_recurring_subscription_api_v1_donations_recurring__subscription_id__delete,Cancel Recurring Subscription
145,POST,/api/v1/donations/register,donations,register_donor_api_v1_donations_register_post,Register Donor
146,GET,/api/v1/donations/sponsorships,donations,list_all_sponsorships_api_v1_donations_sponsorships_get,List All Sponsorships
147,POST,/api/v1/donations/sponsorships,donations,create_sponsorship_api_v1_donations_sponsorships_post,Create Sponsorship
148,GET,/api/v1/donations/sponsorships/my,donations,list_my_sponsorships_api_v1_donations_sponsorships_my_get,List My Sponsorships
149,GET,/api/v1/donations/sponsorships/{sponsorship_id},donations,get_sponsorship_api_v1_donations_sponsorships__sponsorship_id__get,Get Sponsorship
150,PATCH,/api/v1/donations/sponsorships/{sponsorship_id}/status,donations,update_sponsorship_status_api_v1_donations_sponsorships__sponsorship_id__status_patch,Update Sponsorship Status
151,POST,/api/v1/donations/verify,donations,verify_donation_checkout_api_v1_donations_verify_post,Verify Donation Checkout
152,GET,/api/v1/donations/{donation_id}/receipt,donations,get_donation_receipt_api_v1_donations__donation_id__receipt_get,Get Donation Receipt
153,POST,/api/v1/donations/{donation_id}/reconcile,donations,reconcile_donation_api_v1_donations__donation_id__reconcile_post,Reconcile Donation
154,PATCH,/api/v1/donations/{donation_id}/status,donations,update_donation_status_api_v1_donations__donation_id__status_patch,Update Donation Status
155,GET,/api/v1/finance/account-balances,finance,get_account_balances_api_v1_finance_account_balances_get,Get Account Balances
156,GET,/api/v1/finance/accounts,finance,list_accounts_api_v1_finance_accounts_get,List Accounts
157,POST,/api/v1/finance/accounts,finance,create_account_api_v1_finance_accounts_post,Create Account
158,POST,/api/v1/finance/accounts/bulk/delete,finance,bulk_delete_accounts_api_v1_finance_accounts_bulk_delete_post,Bulk Delete Accounts
159,GET,/api/v1/finance/accounts/{account_id},finance,get_account_api_v1_finance_accounts__account_id__get,Get Account
160,PUT,/api/v1/finance/accounts/{account_id},finance,update_account_api_v1_finance_accounts__account_id__put,Update Account
161,DELETE,/api/v1/finance/accounts/{account_id},finance,delete_account_api_v1_finance_accounts__account_id__delete,Delete Account
162,GET,/api/v1/finance/budgets,finance,list_budgets_api_v1_finance_budgets_get,List Budgets
163,POST,/api/v1/finance/budgets,finance,create_budget_api_v1_finance_budgets_post,Create Budget
164,GET,/api/v1/finance/budgets/{budget_id},finance,get_budget_api_v1_finance_budgets__budget_id__get,Get Budget
165,DELETE,/api/v1/finance/budgets/{budget_id},finance,delete_budget_api_v1_finance_budgets__budget_id__delete,Delete Budget
166,POST,/api/v1/finance/budgets/{budget_id}/items,finance,add_budget_item_api_v1_finance_budgets__budget_id__items_post,Add Budget Item
167,GET,/api/v1/finance/pnl,finance,get_pnl_api_v1_finance_pnl_get,Get Pnl
168,POST,/api/v1/finance/reconcile/donations,finance,reconcile_donations_api_v1_finance_reconcile_donations_post,Reconcile Donations
169,GET,/api/v1/finance/reconcile/summary,finance,get_reconciliation_summary_api_v1_finance_reconcile_summary_get,Get Reconciliation Summary
170,GET,/api/v1/finance/recurring,finance,list_recurring_api_v1_finance_recurring_get,List Recurring
171,POST,/api/v1/finance/recurring,finance,create_recurring_api_v1_finance_recurring_post,Create Recurring
172,DELETE,/api/v1/finance/recurring/{rtx_id},finance,delete_recurring_api_v1_finance_recurring__rtx_id__delete,Delete Recurring
173,GET,/api/v1/finance/summary,finance,get_finance_summary_api_v1_finance_summary_get,Get Finance Summary
174,GET,/api/v1/finance/transactions,finance,list_transactions_api_v1_finance_transactions_get,List Transactions
175,POST,/api/v1/finance/transactions,finance,create_transaction_api_v1_finance_transactions_post,Create Transaction
176,POST,/api/v1/finance/transactions/bulk/delete,finance,bulk_delete_transactions_api_v1_finance_transactions_bulk_delete_post,Bulk Delete Transactions
177,GET,/api/v1/finance/transactions/{tx_id},finance,get_transaction_api_v1_finance_transactions__tx_id__get,Get Transaction
178,DELETE,/api/v1/finance/transactions/{tx_id},finance,delete_transaction_api_v1_finance_transactions__tx_id__delete,Delete Transaction
179,PATCH,/api/v1/finance/transactions/{tx_id}/status,finance,update_transaction_status_api_v1_finance_transactions__tx_id__status_patch,Update Transaction Status
180,POST,/api/v1/fleet/bulk/delete,fleet,bulk_delete_vehicles_api_v1_fleet_bulk_delete_post,Bulk Delete Vehicles
181,POST,/api/v1/fleet/bulk/status-update,fleet,bulk_update_vehicle_status_api_v1_fleet_bulk_status_update_post,Bulk Update Vehicle Status
182,GET,/api/v1/fleet/equipment,fleet,list_equipment_checkouts_api_v1_fleet_equipment_get,List Equipment Checkouts
183,POST,/api/v1/fleet/equipment,fleet,checkout_equipment_api_v1_fleet_equipment_post,Checkout Equipment
184,GET,/api/v1/fleet/equipment/{checkout_id},fleet,get_equipment_checkout_api_v1_fleet_equipment__checkout_id__get,Get Equipment Checkout
185,POST,/api/v1/fleet/equipment/{checkout_id}/return,fleet,return_equipment_api_v1_fleet_equipment__checkout_id__return_post,Return Equipment
186,GET,/api/v1/fleet/fuel/{log_id},fleet,get_fuel_log_api_v1_fleet_fuel__log_id__get,Get Fuel Log
187,POST,/api/v1/fleet/maintenance,fleet,log_maintenance_api_v1_fleet_maintenance_post,Log Maintenance
188,GET,/api/v1/fleet/vehicles,fleet,list_vehicles_api_v1_fleet_vehicles_get,List Vehicles
189,POST,/api/v1/fleet/vehicles,fleet,create_vehicle_api_v1_fleet_vehicles_post,Create Vehicle
190,GET,/api/v1/fleet/vehicles/{vehicle_id},fleet,get_vehicle_api_v1_fleet_vehicles__vehicle_id__get,Get Vehicle
191,PUT,/api/v1/fleet/vehicles/{vehicle_id},fleet,update_vehicle_api_v1_fleet_vehicles__vehicle_id__put,Update Vehicle
192,DELETE,/api/v1/fleet/vehicles/{vehicle_id},fleet,soft_delete_vehicle_api_v1_fleet_vehicles__vehicle_id__delete,Soft Delete Vehicle
193,GET,/api/v1/fleet/vehicles/{vehicle_id}/fuel,fleet,list_fuel_logs_api_v1_fleet_vehicles__vehicle_id__fuel_get,List Fuel Logs
194,POST,/api/v1/fleet/vehicles/{vehicle_id}/fuel,fleet,log_fuel_api_v1_fleet_vehicles__vehicle_id__fuel_post,Log Fuel
195,GET,/api/v1/fleet/vehicles/{vehicle_id}/maintenance,fleet,list_maintenance_api_v1_fleet_vehicles__vehicle_id__maintenance_get,List Maintenance
196,PATCH,/api/v1/fleet/vehicles/{vehicle_id}/status,fleet,update_vehicle_status_api_v1_fleet_vehicles__vehicle_id__status_patch,Update Vehicle Status
197,GET,/api/v1/fosters,fosters,list_profiles_api_v1_fosters_get,List Profiles
198,DELETE,/api/v1/fosters/admin/fosters/{profile_id},fosters,soft_delete_profile_api_v1_fosters_admin_fosters__profile_id__delete,Soft Delete Profile
199,POST,/api/v1/fosters/apply,fosters,apply_to_foster_api_v1_fosters_apply_post,Apply To Foster
200,POST,/api/v1/fosters/bulk/delete,fosters,bulk_delete_profiles_api_v1_fosters_bulk_delete_post,Bulk Delete Profiles
201,POST,/api/v1/fosters/placements/{placement_id}/convert-to-adopt,fosters,convert_to_adopt_api_v1_fosters_placements__placement_id__convert_to_adopt_post,Convert To Adopt
202,GET,/api/v1/fosters/placements/{placement_id}/progress,fosters,get_progress_logs_api_v1_fosters_placements__placement_id__progress_get,Get Progress Logs
203,POST,/api/v1/fosters/placements/{placement_id}/progress,fosters,log_progress_api_v1_fosters_placements__placement_id__progress_post,Log Progress
204,POST,/api/v1/fosters/placements/{placement_id}/return,fosters,return_dog_api_v1_fosters_placements__placement_id__return_post,Return Dog
205,GET,/api/v1/fosters/placements/{placement_id}/supplies,fosters,list_supply_dispatches_api_v1_fosters_placements__placement_id__supplies_get,List Supply Dispatches
206,POST,/api/v1/fosters/placements/{placement_id}/supplies,fosters,log_supply_dispatch_api_v1_fosters_placements__placement_id__supplies_post,Log Supply Dispatch
207,PUT,/api/v1/fosters/{profile_id},fosters,update_profile_api_v1_fosters__profile_id__put,Update Profile
208,DELETE,/api/v1/fosters/{profile_id},fosters,soft_delete_profile_api_v1_fosters__profile_id__delete,Soft Delete Profile
209,POST,/api/v1/fosters/{profile_id}/placements,fosters,place_dog_api_v1_fosters__profile_id__placements_post,Place Dog
210,GET,/api/v1/grievance,grievance,list_tickets_api_v1_grievance_get,List Tickets
211,POST,/api/v1/grievance,grievance,submit_complaint_api_v1_grievance_post,Submit Complaint
212,POST,/api/v1/grievance/bulk/delete,grievance,bulk_delete_tickets_api_v1_grievance_bulk_delete_post,Bulk Delete Tickets
213,POST,/api/v1/grievance/bulk/status,grievance,bulk_update_ticket_status_api_v1_grievance_bulk_status_post,Bulk Update Ticket Status
214,GET,/api/v1/grievance/feedback,grievance,list_feedback_api_v1_grievance_feedback_get,List Feedback
215,POST,/api/v1/grievance/feedback,grievance,submit_feedback_api_v1_grievance_feedback_post,Submit Feedback
216,POST,/api/v1/grievance/feedback/bulk/delete,grievance,bulk_delete_feedback_api_v1_grievance_feedback_bulk_delete_post,Bulk Delete Feedback
217,DELETE,/api/v1/grievance/feedback/{feedback_id},grievance,soft_delete_feedback_api_v1_grievance_feedback__feedback_id__delete,Soft Delete Feedback
218,GET,/api/v1/grievance/{ticket_id},grievance,get_ticket_api_v1_grievance__ticket_id__get,Get Ticket
219,PUT,/api/v1/grievance/{ticket_id},grievance,update_ticket_api_v1_grievance__ticket_id__put,Update Ticket
220,DELETE,/api/v1/grievance/{ticket_id},grievance,soft_delete_ticket_api_v1_grievance__ticket_id__delete,Soft Delete Ticket
221,POST,/api/v1/grievance/{ticket_id}/assign,grievance,assign_ticket_api_v1_grievance__ticket_id__assign_post,Assign Ticket
222,GET,/api/v1/grievance/{ticket_id}/comments,grievance,list_comments_api_v1_grievance__ticket_id__comments_get,List Comments
223,POST,/api/v1/grievance/{ticket_id}/comments,grievance,add_comment_api_v1_grievance__ticket_id__comments_post,Add Comment
224,POST,/api/v1/grievance/{ticket_id}/escalate,grievance,escalate_ticket_api_v1_grievance__ticket_id__escalate_post,Escalate Ticket
225,PATCH,/api/v1/grievance/{ticket_id}/status,grievance,update_ticket_status_api_v1_grievance__ticket_id__status_patch,Update Ticket Status
226,DELETE,/api/v1/inventory/admin/inventory/items/{item_id},inventory,delete_item_api_v1_inventory_admin_inventory_items__item_id__delete,Delete Item
227,GET,/api/v1/inventory/items,inventory,list_items_api_v1_inventory_items_get,List Items
228,POST,/api/v1/inventory/items,inventory,create_item_api_v1_inventory_items_post,Create Item
229,POST,/api/v1/inventory/items/bulk/delete,inventory,bulk_delete_items_api_v1_inventory_items_bulk_delete_post,Bulk Delete Items
230,GET,/api/v1/inventory/items/{item_id},inventory,get_item_api_v1_inventory_items__item_id__get,Get Item
231,DELETE,/api/v1/inventory/items/{item_id},inventory,delete_item_api_v1_inventory_items__item_id__delete,Delete Item
232,GET,/api/v1/inventory/items/{item_id}/movements,inventory,list_movements_api_v1_inventory_items__item_id__movements_get,List Movements
233,POST,/api/v1/inventory/movements,inventory,record_movement_api_v1_inventory_movements_post,Record Movement
234,GET,/api/v1/inventory/requisitions,inventory,list_requisitions_api_v1_inventory_requisitions_get,List Requisitions
235,POST,/api/v1/inventory/requisitions,inventory,create_requisition_api_v1_inventory_requisitions_post,Create Requisition
236,POST,/api/v1/inventory/requisitions/bulk/status,inventory,bulk_update_requisition_status_api_v1_inventory_requisitions_bulk_status_post,Bulk Update Requisition Status
237,PUT,/api/v1/inventory/requisitions/{req_id}/status,inventory,update_requisition_status_api_v1_inventory_requisitions__req_id__status_put,Update Requisition Status
238,GET,/api/v1/lost-found/found,lost-found,list_found_reports_api_v1_lost_found_found_get,List Found Reports
239,POST,/api/v1/lost-found/found,lost-found,report_found_pet_api_v1_lost_found_found_post,Report Found Pet
240,POST,/api/v1/lost-found/found/bulk/delete,lost-found,bulk_delete_found_reports_api_v1_lost_found_found_bulk_delete_post,Bulk Delete Found Reports
241,GET,/api/v1/lost-found/found/{report_id},lost-found,get_found_report_api_v1_lost_found_found__report_id__get,Get Found Report
242,DELETE,/api/v1/lost-found/found/{report_id},lost-found,delete_found_report_api_v1_lost_found_found__report_id__delete,Delete Found Report
243,GET,/api/v1/lost-found/found/{report_id}/matches,lost-found,get_matches_for_found_api_v1_lost_found_found__report_id__matches_get,Get Matches For Found
244,GET,/api/v1/lost-found/lost,lost-found,list_lost_reports_api_v1_lost_found_lost_get,List Lost Reports
245,POST,/api/v1/lost-found/lost,lost-found,report_lost_pet_api_v1_lost_found_lost_post,Report Lost Pet
246,POST,/api/v1/lost-found/lost/bulk/delete,lost-found,bulk_delete_lost_reports_api_v1_lost_found_lost_bulk_delete_post,Bulk Delete Lost Reports
247,GET,/api/v1/lost-found/lost/{report_id},lost-found,get_lost_report_api_v1_lost_found_lost__report_id__get,Get Lost Report
248,DELETE,/api/v1/lost-found/lost/{report_id},lost-found,delete_lost_report_api_v1_lost_found_lost__report_id__delete,Delete Lost Report
249,POST,/api/v1/lost-found/lost/{report_id}/broadcast,lost-found,broadcast_lost_pet_alert_api_v1_lost_found_lost__report_id__broadcast_post,Broadcast Lost Pet Alert
250,GET,/api/v1/lost-found/lost/{report_id}/matches,lost-found,get_matches_for_lost_api_v1_lost_found_lost__report_id__matches_get,Get Matches For Lost
251,POST,/api/v1/lost-found/matches/{match_id}/claim,lost-found,submit_ownership_claim_api_v1_lost_found_matches__match_id__claim_post,Submit Ownership Claim
252,POST,/api/v1/lost-found/matches/{match_id}/claim/review,lost-found,review_ownership_claim_api_v1_lost_found_matches__match_id__claim_review_post,Review Ownership Claim
253,POST,/api/v1/lost-found/matches/{match_id}/resolve,lost-found,resolve_match_api_v1_lost_found_matches__match_id__resolve_post,Resolve Match
254,GET,/api/v1/lost-found/reunion-stories,lost-found,get_reunion_stories_api_v1_lost_found_reunion_stories_get,Get Reunion Stories
255,GET,/api/v1/lost-found/stories,lost-found,get_reunion_stories_api_v1_lost_found_stories_get,Get Reunion Stories
256,POST,/api/v1/medical/administrations,medical,log_medication_administration_api_v1_medical_administrations_post,Log Medication Administration
257,POST,/api/v1/medical/bulk/delete,medical,bulk_delete_entities_api_v1_medical_bulk_delete_post,Bulk Delete Entities
258,POST,/api/v1/medical/bulk/prescriptions/status,medical,bulk_update_prescription_status_api_v1_medical_bulk_prescriptions_status_post,Bulk Update Prescription Status
259,POST,/api/v1/medical/clearance/{dog_id},medical,authorize_adoption_clearance_api_v1_medical_clearance__dog_id__post,Authorize Adoption Clearance
260,GET,/api/v1/medical/clearances/dogs/{dog_id},medical,get_dog_clearances_api_v1_medical_clearances_dogs__dog_id__get,Get Dog Clearances
261,GET,/api/v1/medical/dogs/{dog_id}/administrations,medical,get_dog_administrations_api_v1_medical_dogs__dog_id__administrations_get,Get Dog Administrations
262,GET,/api/v1/medical/dogs/{dog_id}/history,medical,get_medical_history_api_v1_medical_dogs__dog_id__history_get,Get Medical History
263,GET,/api/v1/medical/exams,medical,list_exams_api_v1_medical_exams_get,List Exams
264,POST,/api/v1/medical/exams,medical,perform_clinical_exam_api_v1_medical_exams_post,Perform Clinical Exam
265,GET,/api/v1/medical/prescriptions,medical,list_prescriptions_api_v1_medical_prescriptions_get,List Prescriptions
266,POST,/api/v1/medical/prescriptions,medical,prescribe_medication_api_v1_medical_prescriptions_post,Prescribe Medication
267,PUT,/api/v1/medical/prescriptions/{prescription_id},medical,update_prescription_api_v1_medical_prescriptions__prescription_id__put,Update Prescription
268,GET,/api/v1/medical/prescriptions/{prescription_id}/administrations,medical,get_prescription_administrations_api_v1_medical_prescriptions__prescription_id__administrations_get,Get Prescription Administrations
269,PATCH,/api/v1/medical/prescriptions/{prescription_id}/status,medical,update_prescription_status_api_v1_medical_prescriptions__prescription_id__status_patch,Update Prescription Status
270,GET,/api/v1/medical/treatments,medical,list_treatments_api_v1_medical_treatments_get,List Treatments
271,POST,/api/v1/medical/treatments,medical,record_treatment_api_v1_medical_treatments_post,Record Treatment
272,GET,/api/v1/medical/vaccinations,medical,list_vaccinations_api_v1_medical_vaccinations_get,List Vaccinations
273,POST,/api/v1/medical/vaccinations,medical,administer_vaccine_api_v1_medical_vaccinations_post,Administer Vaccine
274,GET,/api/v1/medical/vaccine-protocols,medical,list_vaccine_protocols_api_v1_medical_vaccine_protocols_get,List Vaccine Protocols
275,POST,/api/v1/medical/vaccine-protocols,medical,create_vaccine_protocol_api_v1_medical_vaccine_protocols_post,Create Vaccine Protocol
276,DELETE,/api/v1/medical/{entity_type}/{entity_id},medical,soft_delete_entity_api_v1_medical__entity_type___entity_id__delete,Soft Delete Entity
277,GET,/api/v1/notifications,notifications,list_notifications_api_v1_notifications_get,List Notifications
278,POST,/api/v1/notifications/broadcast,notifications,broadcast_notification_api_v1_notifications_broadcast_post,Broadcast Notification
279,POST,/api/v1/notifications/bulk/delete,notifications,bulk_delete_notifications_api_v1_notifications_bulk_delete_post,Bulk Delete Notifications
280,GET,/api/v1/notifications/preferences,notifications,get_preferences_api_v1_notifications_preferences_get,Get Preferences
281,PUT,/api/v1/notifications/preferences,notifications,update_preferences_api_v1_notifications_preferences_put,Update Preferences
282,PUT,/api/v1/notifications/read-all,notifications,mark_all_read_api_v1_notifications_read_all_put,Mark All Read
283,POST,/api/v1/notifications/send,notifications,send_notification_api_v1_notifications_send_post,Send Notification
284,GET,/api/v1/notifications/unread-count,notifications,unread_count_api_v1_notifications_unread_count_get,Unread Count
285,DELETE,/api/v1/notifications/{notification_id},notifications,delete_notification_api_v1_notifications__notification_id__delete,Delete Notification
286,PUT,/api/v1/notifications/{notification_id}/read,notifications,mark_read_api_v1_notifications__notification_id__read_put,Mark Read
287,GET,/api/v1/portal/admin/blog,portal,admin_list_blogs_api_v1_portal_admin_blog_get,Admin List Blogs
288,POST,/api/v1/portal/admin/blog,portal,create_blog_api_v1_portal_admin_blog_post,Create Blog
289,POST,/api/v1/portal/admin/blog/bulk/delete,portal,bulk_delete_blogs_api_v1_portal_admin_blog_bulk_delete_post,Bulk Delete Blogs
290,POST,/api/v1/portal/admin/blog/bulk/status,portal,bulk_update_blog_status_api_v1_portal_admin_blog_bulk_status_post,Bulk Update Blog Status
291,PUT,/api/v1/portal/admin/blog/{post_id},portal,update_blog_api_v1_portal_admin_blog__post_id__put,Update Blog
292,DELETE,/api/v1/portal/admin/blog/{post_id},portal,soft_delete_blog_api_v1_portal_admin_blog__post_id__delete,Soft Delete Blog
293,GET,/api/v1/portal/admin/cms/pages,portal,list_admin_cms_pages_api_v1_portal_admin_cms_pages_get,List Admin Cms Pages
294,GET,/api/v1/portal/admin/cms/pages/{slug},portal,get_admin_cms_page_api_v1_portal_admin_cms_pages__slug__get,Get Admin Cms Page
295,PUT,/api/v1/portal/admin/cms/pages/{slug},portal,update_admin_cms_page_api_v1_portal_admin_cms_pages__slug__put,Update Admin Cms Page
296,POST,/api/v1/portal/admin/cms/pages/{slug}/discard,portal,discard_admin_cms_page_api_v1_portal_admin_cms_pages__slug__discard_post,Discard Admin Cms Page
297,POST,/api/v1/portal/admin/cms/pages/{slug}/publish,portal,publish_admin_cms_page_api_v1_portal_admin_cms_pages__slug__publish_post,Publish Admin Cms Page
298,POST,/api/v1/portal/admin/contact,portal,create_contact_api_v1_portal_admin_contact_post,Create Contact
299,PUT,/api/v1/portal/admin/contact/{location_id},portal,update_contact_api_v1_portal_admin_contact__location_id__put,Update Contact
300,GET,/api/v1/portal/admin/faq,portal,admin_list_faqs_api_v1_portal_admin_faq_get,Admin List Faqs
301,POST,/api/v1/portal/admin/faq,portal,create_faq_api_v1_portal_admin_faq_post,Create Faq
302,POST,/api/v1/portal/admin/faq/bulk/delete,portal,bulk_delete_faqs_api_v1_portal_admin_faq_bulk_delete_post,Bulk Delete Faqs
303,POST,/api/v1/portal/admin/faq/bulk/status,portal,bulk_update_faq_status_api_v1_portal_admin_faq_bulk_status_post,Bulk Update Faq Status
304,PUT,/api/v1/portal/admin/faq/{entry_id},portal,update_faq_api_v1_portal_admin_faq__entry_id__put,Update Faq
305,DELETE,/api/v1/portal/admin/faq/{entry_id},portal,soft_delete_faq_api_v1_portal_admin_faq__entry_id__delete,Soft Delete Faq
306,GET,/api/v1/portal/admin/legal,portal,admin_list_legal_docs_api_v1_portal_admin_legal_get,Admin List Legal Docs
307,POST,/api/v1/portal/admin/legal,portal,create_legal_doc_api_v1_portal_admin_legal_post,Create Legal Doc
308,PUT,/api/v1/portal/admin/legal/{doc_id},portal,update_legal_doc_api_v1_portal_admin_legal__doc_id__put,Update Legal Doc
309,DELETE,/api/v1/portal/admin/legal/{doc_id},portal,soft_delete_legal_doc_api_v1_portal_admin_legal__doc_id__delete,Soft Delete Legal Doc
310,GET,/api/v1/portal/admin/settings,portal,list_settings_api_v1_portal_admin_settings_get,List Settings
311,PUT,/api/v1/portal/admin/settings/{key},portal,upsert_setting_api_v1_portal_admin_settings__key__put,Upsert Setting
312,GET,/api/v1/portal/admin/success-stories,portal,admin_list_stories_api_v1_portal_admin_success_stories_get,Admin List Stories
313,POST,/api/v1/portal/admin/success-stories,portal,create_story_api_v1_portal_admin_success_stories_post,Create Story
314,POST,/api/v1/portal/admin/success-stories/bulk/delete,portal,bulk_delete_stories_api_v1_portal_admin_success_stories_bulk_delete_post,Bulk Delete Stories
315,POST,/api/v1/portal/admin/success-stories/bulk/status,portal,bulk_update_story_status_api_v1_portal_admin_success_stories_bulk_status_post,Bulk Update Story Status
316,PUT,/api/v1/portal/admin/success-stories/{story_id},portal,update_story_api_v1_portal_admin_success_stories__story_id__put,Update Story
317,DELETE,/api/v1/portal/admin/success-stories/{story_id},portal,soft_delete_story_api_v1_portal_admin_success_stories__story_id__delete,Soft Delete Story
318,GET,/api/v1/portal/admin/urgent-alerts,portal,admin_list_urgent_alerts_api_v1_portal_admin_urgent_alerts_get,Admin List Urgent Alerts
319,POST,/api/v1/portal/admin/urgent-alerts,portal,create_urgent_alert_api_v1_portal_admin_urgent_alerts_post,Create Urgent Alert
320,PUT,/api/v1/portal/admin/urgent-alerts/{alert_id},portal,update_urgent_alert_api_v1_portal_admin_urgent_alerts__alert_id__put,Update Urgent Alert
321,DELETE,/api/v1/portal/admin/urgent-alerts/{alert_id},portal,soft_delete_urgent_alert_api_v1_portal_admin_urgent_alerts__alert_id__delete,Soft Delete Urgent Alert
322,POST,/api/v1/portal/admin/veterinary-network,portal,create_vet_api_v1_portal_admin_veterinary_network_post,Create Vet
323,PUT,/api/v1/portal/admin/veterinary-network/{partner_id},portal,update_vet_api_v1_portal_admin_veterinary_network__partner_id__put,Update Vet
324,GET,/api/v1/portal/blog,portal,list_published_blog_api_v1_portal_blog_get,List Published Blog
325,GET,/api/v1/portal/blog/slug/{slug},portal,get_blog_by_slug_api_v1_portal_blog_slug__slug__get,Get Blog By Slug
326,GET,/api/v1/portal/cms/pages/{slug},portal,get_public_cms_page_api_v1_portal_cms_pages__slug__get,Get Public Cms Page
327,GET,/api/v1/portal/contact,portal,list_contact_locations_api_v1_portal_contact_get,List Contact Locations
328,GET,/api/v1/portal/faq,portal,list_faq_api_v1_portal_faq_get,List Faq
329,GET,/api/v1/portal/legal,portal,list_published_legal_docs_api_v1_portal_legal_get,List Published Legal Docs
330,GET,/api/v1/portal/legal/{slug},portal,get_published_legal_doc_api_v1_portal_legal__slug__get,Get Published Legal Doc
331,GET,/api/v1/portal/me/dashboard,portal,get_user_dashboard_api_v1_portal_me_dashboard_get,Get User Dashboard
332,GET,/api/v1/portal/stats,portal,get_hero_stats_api_v1_portal_stats_get,Get Hero Stats
333,GET,/api/v1/portal/success-stories,portal,list_published_stories_api_v1_portal_success_stories_get,List Published Stories
334,GET,/api/v1/portal/success-stories/{story_id},portal,get_published_story_api_v1_portal_success_stories__story_id__get,Get Published Story
335,GET,/api/v1/portal/transparency,portal,get_transparency_stats_api_v1_portal_transparency_get,Get Transparency Stats
336,GET,/api/v1/portal/urgent-alerts,portal,list_active_urgent_alerts_api_v1_portal_urgent_alerts_get,List Active Urgent Alerts
337,GET,/api/v1/portal/veterinary-network,portal,list_veterinary_partners_api_v1_portal_veterinary_network_get,List Veterinary Partners
338,POST,/api/v1/public/rescue/report,public-rescue,public_report_incident_api_v1_public_rescue_report_post,Public Report Incident
339,GET,/api/v1/reports/download/{filename},reports,download_report_api_v1_reports_download__filename__get,Download Report
340,GET,/api/v1/reports/formats,reports,list_report_formats_api_v1_reports_formats_get,List Report Formats
341,POST,/api/v1/reports/generate,reports,generate_report_api_v1_reports_generate_post,Generate Report
342,GET,/api/v1/reports/types,reports,list_report_types_api_v1_reports_types_get,List Report Types
343,GET,/api/v1/rescue,rescue,list_requests_api_v1_rescue_get,List Requests
344,GET,/api/v1/rescue-centres,rescue-centres,list_rescue_centres_api_v1_rescue_centres_get,List Rescue Centres
345,POST,/api/v1/rescue-centres,rescue-centres,create_rescue_centre_api_v1_rescue_centres_post,Create Rescue Centre
346,POST,/api/v1/rescue-centres/bulk/delete,rescue-centres,bulk_delete_rescue_centres_api_v1_rescue_centres_bulk_delete_post,Bulk Delete Rescue Centres
347,POST,/api/v1/rescue-centres/bulk/status,rescue-centres,bulk_update_rescue_centre_status_api_v1_rescue_centres_bulk_status_post,Bulk Update Rescue Centre Status
348,GET,/api/v1/rescue-centres/{facility_id},rescue-centres,get_rescue_centre_api_v1_rescue_centres__facility_id__get,Get Rescue Centre
349,PUT,/api/v1/rescue-centres/{facility_id},rescue-centres,update_rescue_centre_api_v1_rescue_centres__facility_id__put,Update Rescue Centre
350,DELETE,/api/v1/rescue-centres/{facility_id},rescue-centres,delete_rescue_centre_api_v1_rescue_centres__facility_id__delete,Delete Rescue Centre
351,PUT,/api/v1/rescue-centres/{facility_id}/status,rescue-centres,update_rescue_centre_status_api_v1_rescue_centres__facility_id__status_put,Update Rescue Centre Status
352,POST,/api/v1/rescue/bulk/delete,rescue,bulk_delete_rescue_requests_api_v1_rescue_bulk_delete_post,Bulk Delete Rescue Requests
353,POST,/api/v1/rescue/bulk/status-update,rescue,bulk_update_rescue_status_api_v1_rescue_bulk_status_update_post,Bulk Update Rescue Status
354,PATCH,/api/v1/rescue/dispatch/{dispatch_id},rescue,update_dispatch_api_v1_rescue_dispatch__dispatch_id__patch,Update Dispatch
355,DELETE,/api/v1/rescue/dispatch/{dispatch_id},rescue,delete_dispatch_api_v1_rescue_dispatch__dispatch_id__delete,Delete Dispatch
356,GET,/api/v1/rescue/dispatches,rescue,list_dispatches_api_v1_rescue_dispatches_get,List Dispatches
357,PATCH,/api/v1/rescue/dispatches/{dispatch_id},rescue,update_dispatch_api_v1_rescue_dispatches__dispatch_id__patch,Update Dispatch
358,DELETE,/api/v1/rescue/dispatches/{dispatch_id},rescue,delete_dispatch_api_v1_rescue_dispatches__dispatch_id__delete,Delete Dispatch
359,POST,/api/v1/rescue/media-upload-url,rescue,request_rescue_media_upload_url_api_v1_rescue_media_upload_url_post,Request Rescue Media Upload Url
360,POST,/api/v1/rescue/report,rescue,report_incident_api_v1_rescue_report_post,Report Incident
361,GET,/api/v1/rescue/status,rescue,get_public_status_api_v1_rescue_status_get,Get Public Status
362,GET,/api/v1/rescue/{request_id},rescue,get_request_api_v1_rescue__request_id__get,Get Request
363,DELETE,/api/v1/rescue/{request_id},rescue,soft_delete_request_api_v1_rescue__request_id__delete,Soft Delete Request
364,POST,/api/v1/rescue/{request_id}/admitted,rescue,mark_admitted_api_v1_rescue__request_id__admitted_post,Mark Admitted
365,POST,/api/v1/rescue/{request_id}/dispatch,rescue,dispatch_team_api_v1_rescue__request_id__dispatch_post,Dispatch Team
366,POST,/api/v1/rescue/{request_id}/escalate,rescue,escalate_rescue_api_v1_rescue__request_id__escalate_post,Escalate Rescue
367,POST,/api/v1/rescue/{request_id}/fail,rescue,fail_rescue_api_v1_rescue__request_id__fail_post,Fail Rescue
368,POST,/api/v1/rescue/{request_id}/located,rescue,mark_located_api_v1_rescue__request_id__located_post,Mark Located
369,POST,/api/v1/rescue/{request_id}/secured,rescue,mark_rescued_api_v1_rescue__request_id__secured_post,Mark Rescued
370,POST,/api/v1/rescue/{request_id}/verify,rescue,verify_request_api_v1_rescue__request_id__verify_post,Verify Request
371,GET,/api/v1/settings/business-rules,settings,list_business_rules_api_v1_settings_business_rules_get,List Business Rules
372,POST,/api/v1/settings/business-rules,settings,create_business_rule_api_v1_settings_business_rules_post,Create Business Rule
373,DELETE,/api/v1/settings/business-rules/{rule_id},settings,delete_business_rule_api_v1_settings_business_rules__rule_id__delete,Delete Business Rule
374,GET,/api/v1/settings/business-rules/{rule_key},settings,get_business_rule_api_v1_settings_business_rules__rule_key__get,Get Business Rule
375,PUT,/api/v1/settings/business-rules/{rule_key},settings,update_business_rule_api_v1_settings_business_rules__rule_key__put,Update Business Rule
376,GET,/api/v1/settings/email,settings,get_email_settings_api_v1_settings_email_get,Get Email Settings
377,GET,/api/v1/settings/general,settings,get_general_settings_api_v1_settings_general_get,Get General Settings
378,GET,/api/v1/settings/password-policy,settings,get_password_policy_api_v1_settings_password_policy_get,Get Password Policy
379,PUT,/api/v1/settings/password-policy,settings,update_password_policy_api_v1_settings_password_policy_put,Update Password Policy
380,GET,/api/v1/settings/public-content,settings,get_public_content_api_v1_settings_public_content_get,Get Public Content
381,PUT,/api/v1/settings/public-content,settings,update_public_content_api_v1_settings_public_content_put,Update Public Content
382,GET,/api/v1/settings/storage,settings,get_storage_settings_api_v1_settings_storage_get,Get Storage Settings
383,GET,/api/v1/settings/system,settings,list_settings_api_v1_settings_system_get,List Settings
384,POST,/api/v1/settings/system,settings,create_setting_api_v1_settings_system_post,Create Setting
385,GET,/api/v1/settings/system/{key},settings,get_setting_api_v1_settings_system__key__get,Get Setting
386,PUT,/api/v1/settings/system/{key},settings,update_setting_api_v1_settings_system__key__put,Update Setting
387,DELETE,/api/v1/settings/system/{setting_id},settings,delete_setting_api_v1_settings_system__setting_id__delete,Delete Setting
388,POST,/api/v1/shelter/care-logs,shelter,submit_daily_care_log_api_v1_shelter_care_logs_post,Submit Daily Care Log
389,GET,/api/v1/shelter/dogs/{dog_id}/care-logs,shelter,list_care_logs_api_v1_shelter_dogs__dog_id__care_logs_get,List Care Logs
390,GET,/api/v1/shelter/facilities,shelter,list_facilities_api_v1_shelter_facilities_get,List Facilities
391,POST,/api/v1/shelter/facilities,shelter,create_facility_api_v1_shelter_facilities_post,Create Facility
392,POST,/api/v1/shelter/facilities/bulk/delete,shelter,bulk_delete_facilities_api_v1_shelter_facilities_bulk_delete_post,Bulk Delete Facilities
393,POST,/api/v1/shelter/facilities/bulk/status,shelter,bulk_update_facility_status_api_v1_shelter_facilities_bulk_status_post,Bulk Update Facility Status
394,GET,/api/v1/shelter/facilities/{facility_id},shelter,get_facility_api_v1_shelter_facilities__facility_id__get,Get Facility
395,PUT,/api/v1/shelter/facilities/{facility_id},shelter,update_facility_api_v1_shelter_facilities__facility_id__put,Update Facility
396,DELETE,/api/v1/shelter/facilities/{facility_id},shelter,delete_facility_api_v1_shelter_facilities__facility_id__delete,Delete Facility
397,GET,/api/v1/shelter/facilities/{facility_id}/sections,shelter,list_sections_api_v1_shelter_facilities__facility_id__sections_get,List Sections
398,POST,/api/v1/shelter/facilities/{facility_id}/sections,shelter,create_section_api_v1_shelter_facilities__facility_id__sections_post,Create Section
399,PUT,/api/v1/shelter/facilities/{facility_id}/status,shelter,update_facility_status_api_v1_shelter_facilities__facility_id__status_put,Update Facility Status
400,POST,/api/v1/shelter/kennels/{kennel_id}/assign/{dog_id},shelter,assign_dog_to_kennel_api_v1_shelter_kennels__kennel_id__assign__dog_id__post,Assign Dog To Kennel
401,PATCH,/api/v1/shelter/kennels/{kennel_id}/assign/{dog_id},shelter,assign_dog_to_kennel_api_v1_shelter_kennels__kennel_id__assign__dog_id__patch,Assign Dog To Kennel
402,GET,/api/v1/shelter/kennels/{kennel_id}/cleaning-logs,shelter,list_kennel_cleaning_logs_api_v1_shelter_kennels__kennel_id__cleaning_logs_get,List Kennel Cleaning Logs
403,POST,/api/v1/shelter/kennels/{kennel_id}/cleaning-logs,shelter,log_kennel_cleaning_api_v1_shelter_kennels__kennel_id__cleaning_logs_post,Log Kennel Cleaning
404,PUT,/api/v1/shelter/kennels/{kennel_id}/sanitation,shelter,update_kennel_sanitation_api_v1_shelter_kennels__kennel_id__sanitation_put,Update Kennel Sanitation
405,GET,/api/v1/shelter/sections/{section_id}/kennels,shelter,list_kennels_api_v1_shelter_sections__section_id__kennels_get,List Kennels
406,POST,/api/v1/shelter/sections/{section_id}/kennels,shelter,create_kennel_api_v1_shelter_sections__section_id__kennels_post,Create Kennel
407,GET,/api/v1/shelter/transfers,shelter,list_transfers_api_v1_shelter_transfers_get,List Transfers
408,POST,/api/v1/shelter/transfers,shelter,request_transfer_api_v1_shelter_transfers_post,Request Transfer
409,GET,/api/v1/shelter/transfers/{transfer_id},shelter,get_transfer_api_v1_shelter_transfers__transfer_id__get,Get Transfer
410,POST,/api/v1/shelter/transfers/{transfer_id}/confirm-receiver,shelter,confirm_transfer_receiver_api_v1_shelter_transfers__transfer_id__confirm_receiver_post,Confirm Transfer Receiver
411,POST,/api/v1/shelter/transfers/{transfer_id}/confirm-sender,shelter,confirm_transfer_sender_api_v1_shelter_transfers__transfer_id__confirm_sender_post,Confirm Transfer Sender
412,GET,/api/v1/storage,storage,list_files_api_v1_storage_get,List Files
413,POST,/api/v1/storage/bulk/delete,storage,bulk_delete_files_api_v1_storage_bulk_delete_post,Bulk Delete Files
414,GET,/api/v1/storage/entity/{entity_type}/{entity_id},storage,list_files_by_entity_api_v1_storage_entity__entity_type___entity_id__get,List Files By Entity
415,POST,/api/v1/storage/upload-url,storage,request_upload_url_api_v1_storage_upload_url_post,Request Upload Url
416,GET,/api/v1/storage/{file_id},storage,get_file_api_v1_storage__file_id__get,Get File
417,DELETE,/api/v1/storage/{file_id},storage,delete_file_api_v1_storage__file_id__delete,Delete File
418,PUT,/api/v1/storage/{file_id}/confirm,storage,confirm_upload_api_v1_storage__file_id__confirm_put,Confirm Upload
419,GET,/api/v1/storage/{file_id}/download-url,storage,get_download_url_api_v1_storage__file_id__download_url_get,Get Download Url
420,GET,/api/v1/volunteers,volunteers,list_profiles_api_v1_volunteers_get,List Profiles
421,POST,/api/v1/volunteers/apply,volunteers,apply_to_volunteer_api_v1_volunteers_apply_post,Apply To Volunteer
422,POST,/api/v1/volunteers/attendance/{attendance_id}/check-in,volunteers,check_in_api_v1_volunteers_attendance__attendance_id__check_in_post,Check In
423,POST,/api/v1/volunteers/attendance/{attendance_id}/check-out,volunteers,check_out_api_v1_volunteers_attendance__attendance_id__check_out_post,Check Out
424,POST,/api/v1/volunteers/bulk/delete,volunteers,bulk_delete_profiles_api_v1_volunteers_bulk_delete_post,Bulk Delete Profiles
425,POST,/api/v1/volunteers/bulk/status,volunteers,bulk_update_profile_status_api_v1_volunteers_bulk_status_post,Bulk Update Profile Status
426,GET,/api/v1/volunteers/shifts,volunteers,list_shifts_api_v1_volunteers_shifts_get,List Shifts
427,POST,/api/v1/volunteers/shifts,volunteers,create_shift_api_v1_volunteers_shifts_post,Create Shift
428,GET,/api/v1/volunteers/shifts/{shift_id}/attendance,volunteers,list_shift_attendance_api_v1_volunteers_shifts__shift_id__attendance_get,List Shift Attendance
429,POST,/api/v1/volunteers/shifts/{shift_id}/join,volunteers,join_shift_api_v1_volunteers_shifts__shift_id__join_post,Join Shift
430,GET,/api/v1/volunteers/{profile_id},volunteers,get_profile_api_v1_volunteers__profile_id__get,Get Profile
431,PUT,/api/v1/volunteers/{profile_id},volunteers,update_profile_api_v1_volunteers__profile_id__put,Update Profile
432,DELETE,/api/v1/volunteers/{profile_id},volunteers,soft_delete_profile_api_v1_volunteers__profile_id__delete,Soft Delete Profile
433,GET,/api/v1/volunteers/{profile_id}/certificate,volunteers,issue_service_certificate_api_v1_volunteers__profile_id__certificate_get,Issue Service Certificate
434,GET,/api/v1/volunteers/{profile_id}/service-summary,volunteers,get_service_summary_api_v1_volunteers__profile_id__service_summary_get,Get Service Summary
435,GET,/health,unknown,health_health_get,Health
436,GET,/live,unknown,live_live_get,Live
437,GET,/ready,unknown,ready_ready_get,Ready
