id,method,path,module,status_code,p50_ms,p90_ms,p95_ms,p99_ms,avg_ms,min_ms,max_ms,response_bytes,status
1,POST,/api/v1/auth/register,auth,400,3.92,4.53,4.53,4.53,3.76,2.84,4.53,19,PASS
2,POST,/api/v1/auth/login,auth,400,2.68,3.21,3.21,3.21,2.82,2.57,3.21,19,PASS
3,POST,/api/v1/auth/mfa/verify,auth,400,2.5,3.08,3.08,3.08,2.62,2.27,3.08,19,PASS
4,POST,/api/v1/auth/refresh,auth,400,2.23,2.24,2.24,2.24,2.19,2.1,2.24,19,PASS
5,POST,/api/v1/auth/logout,auth,400,3.56,4.07,4.07,4.07,3.4,2.58,4.07,19,PASS
6,POST,/api/v1/auth/logout-all,auth,400,2.59,2.95,2.95,2.95,2.7,2.54,2.95,19,PASS
7,GET,/api/v1/auth/me,auth,400,2.34,2.76,2.76,2.76,2.41,2.12,2.76,19,PASS
8,PUT,/api/v1/auth/me,auth,400,2.52,3.21,3.21,3.21,2.66,2.26,3.21,19,PASS
9,GET,/api/v1/auth/sessions,auth,400,2.17,2.34,2.34,2.34,2.21,2.12,2.34,19,PASS
10,DELETE,/api/v1/auth/sessions/{session_id},auth,400,2.14,2.24,2.24,2.24,2.17,2.13,2.24,19,PASS
11,POST,/api/v1/auth/password/change,auth,400,2.21,2.81,2.81,2.81,2.39,2.15,2.81,19,PASS
12,POST,/api/v1/auth/password/reset/request,auth,400,2.4,2.44,2.44,2.44,2.39,2.32,2.44,19,PASS
13,POST,/api/v1/auth/password/reset/confirm,auth,400,2.33,2.49,2.49,2.49,2.37,2.29,2.49,19,PASS
14,POST,/api/v1/auth/email/verify/confirm,auth,400,2.4,2.44,2.44,2.44,2.35,2.22,2.44,19,PASS
15,POST,/api/v1/auth/email/verify/request,auth,400,2.1,2.56,2.56,2.56,2.25,2.09,2.56,19,PASS
16,POST,/api/v1/auth/mfa/enroll,auth,400,2.88,3.11,3.11,3.11,2.8,2.42,3.11,19,PASS
17,POST,/api/v1/auth/mfa/enroll/confirm,auth,400,2.21,2.54,2.54,2.54,2.3,2.17,2.54,19,PASS
18,POST,/api/v1/auth/mfa/disable,auth,400,3.34,4.12,4.12,4.12,3.29,2.41,4.12,19,PASS
19,POST,/api/v1/auth/oauth/login,auth,400,2.9,3.26,3.26,3.26,2.84,2.37,3.26,19,PASS
20,GET,/api/v1/auth/oauth/accounts,auth,400,2.5,3.44,3.44,3.44,2.72,2.22,3.44,19,PASS
21,POST,/api/v1/auth/oauth/link,auth,400,3.39,3.8,3.8,3.8,3.53,3.39,3.8,19,PASS
22,DELETE,/api/v1/auth/oauth/accounts/{account_id},auth,400,2.74,2.81,2.81,2.81,2.61,2.29,2.81,19,PASS
23,GET,/api/v1/admin/roles,admin,400,2.54,2.62,2.62,2.62,2.55,2.49,2.62,19,PASS
24,POST,/api/v1/admin/roles,admin,400,3.13,3.57,3.57,3.57,3.14,2.72,3.57,19,PASS
25,GET,/api/v1/admin/roles/{role_id},admin,400,2.7,2.84,2.84,2.84,2.59,2.22,2.84,19,PASS
26,PUT,/api/v1/admin/roles/{role_id},admin,400,2.47,2.86,2.86,2.86,2.54,2.28,2.86,19,PASS
27,DELETE,/api/v1/admin/roles/{role_id},admin,400,1.99,2.16,2.16,2.16,2.02,1.91,2.16,19,PASS
28,GET,/api/v1/admin/permissions,admin,400,2.06,2.08,2.08,2.08,2.05,2.03,2.08,19,PASS
29,GET,/api/v1/admin/users,admin,400,2.05,2.14,2.14,2.14,2.07,2.01,2.14,19,PASS
30,POST,/api/v1/admin/users,admin,400,2.1,2.14,2.14,2.14,2.1,2.06,2.14,19,PASS
31,GET,/api/v1/admin/users/{user_id},admin,400,2.75,3.26,3.26,3.26,2.83,2.49,3.26,19,PASS
32,PUT,/api/v1/admin/users/{user_id},admin,400,2.54,2.74,2.74,2.74,2.49,2.2,2.74,19,PASS
33,DELETE,/api/v1/admin/users/{user_id},admin,400,2.66,3.39,3.39,3.39,2.88,2.61,3.39,19,PASS
34,GET,/api/v1/dashboards/rescue,dashboards,400,2.12,2.47,2.47,2.47,2.21,2.03,2.47,19,PASS
35,GET,/api/v1/dashboards/rescue/stream,dashboards,400,2.02,2.04,2.04,2.04,2.03,2.01,2.04,19,PASS
36,GET,/api/v1/dashboards/shelter,dashboards,400,2.59,2.72,2.72,2.72,2.56,2.36,2.72,19,PASS
37,GET,/api/v1/dashboards/medical,dashboards,400,2.1,2.2,2.2,2.2,2.11,2.03,2.2,19,PASS
38,GET,/api/v1/dashboards/adoption,dashboards,400,2.2,5.32,5.32,5.32,3.21,2.11,5.32,19,PASS
39,GET,/api/v1/dashboards/foster,dashboards,400,2.01,2.04,2.04,2.04,2.0,1.95,2.04,19,PASS
40,GET,/api/v1/dashboards/volunteer,dashboards,400,2.09,2.14,2.14,2.14,2.09,2.05,2.14,19,PASS
41,GET,/api/v1/dashboards/inventory,dashboards,400,2.06,2.12,2.12,2.12,2.06,2.01,2.12,19,PASS
42,GET,/api/v1/dashboards/finance,dashboards,400,2.11,2.22,2.22,2.22,2.14,2.08,2.22,19,PASS
43,GET,/api/v1/dashboards/donor,dashboards,400,2.56,3.02,3.02,3.02,2.55,2.08,3.02,19,PASS
44,GET,/api/v1/dashboards/staff,dashboards,400,2.17,2.26,2.26,2.26,2.19,2.15,2.26,19,PASS
45,GET,/api/v1/dashboards/executive,dashboards,400,2.38,2.68,2.68,2.68,2.41,2.17,2.68,19,PASS
46,GET,/api/v1/dashboards/public,dashboards,400,2.1,2.45,2.45,2.45,2.2,2.06,2.45,19,PASS
47,GET,/api/v1/dashboards/operations,dashboards,400,2.27,2.49,2.49,2.49,2.34,2.25,2.49,19,PASS
48,GET,/api/v1/admin/dashboard/metrics,admin-dashboard,400,2.26,2.66,2.66,2.66,2.35,2.14,2.66,19,PASS
49,GET,/api/v1/admin/dashboard/summary,admin-dashboard,400,2.16,3.49,3.49,3.49,2.58,2.11,3.49,19,PASS
50,GET,/api/v1/admin/dashboard/kpis,admin-dashboard,400,2.15,2.58,2.58,2.58,2.29,2.12,2.58,19,PASS
51,GET,/api/v1/admin/dashboard/charts,admin-dashboard,400,2.13,2.72,2.72,2.72,2.32,2.1,2.72,19,PASS
52,GET,/api/v1/admin/dashboard/recent-activity,admin-dashboard,400,2.25,2.3,2.3,2.3,2.25,2.2,2.3,19,PASS
53,GET,/api/v1/admin/dashboard/inventory-alerts,admin-dashboard,400,2.31,2.68,2.68,2.68,2.36,2.1,2.68,19,PASS
54,GET,/api/v1/admin/dashboard/donation-summary,admin-dashboard,400,2.2,2.28,2.28,2.28,2.23,2.19,2.28,19,PASS
55,GET,/api/v1/admin/dashboard/rescue-stats,admin-dashboard,400,2.28,2.71,2.71,2.71,2.36,2.11,2.71,19,PASS
56,GET,/api/v1/admin/dashboard/medical-stats,admin-dashboard,400,3.22,3.28,3.28,3.28,3.2,3.11,3.28,19,PASS
57,GET,/api/v1/admin/dashboard/adoption-stats,admin-dashboard,400,2.42,2.48,2.48,2.48,2.42,2.38,2.48,19,PASS
58,GET,/api/v1/admin/dashboard/volunteer-stats,admin-dashboard,400,2.56,3.06,3.06,3.06,2.67,2.38,3.06,19,PASS
59,GET,/api/v1/admin/dashboard/notification-summary,admin-dashboard,400,2.63,2.86,2.86,2.86,2.68,2.55,2.86,19,PASS
60,GET,/api/v1/admin/dashboard/shelter-stats,admin-dashboard,400,2.39,2.81,2.81,2.81,2.48,2.24,2.81,19,PASS
61,GET,/api/v1/admin/dashboard/foster-stats,admin-dashboard,400,2.45,2.54,2.54,2.54,2.43,2.29,2.54,19,PASS
62,GET,/api/v1/admin/dashboard/lost-found-stats,admin-dashboard,400,2.25,2.96,2.96,2.96,2.47,2.2,2.96,19,PASS
63,GET,/api/v1/admin/dashboard/grievance-stats,admin-dashboard,400,2.31,2.36,2.36,2.36,2.27,2.15,2.36,19,PASS
64,GET,/api/v1/admin/audit-logs,admin-audit,400,3.45,3.62,3.62,3.62,3.08,2.18,3.62,19,PASS
65,GET,/api/v1/admin/audit-logs/export,admin-audit,400,2.35,3.26,3.26,3.26,2.65,2.34,3.26,19,PASS
66,POST,/api/v1/admin/audit-logs/export,admin-audit,400,2.07,2.12,2.12,2.12,2.08,2.06,2.12,19,PASS
67,GET,/api/v1/admin/audit-logs/{entry_id},admin-audit,400,1.99,2.23,2.23,2.23,2.06,1.95,2.23,19,PASS
68,POST,/api/v1/rescue/report,rescue,400,1.97,2.0,2.0,2.0,1.96,1.91,2.0,19,PASS
69,POST,/api/v1/rescue/media-upload-url,rescue,400,2.22,2.48,2.48,2.48,2.28,2.14,2.48,19,PASS
70,POST,/api/v1/rescue/{request_id}/verify,rescue,400,2.37,3.56,3.56,3.56,2.71,2.2,3.56,19,PASS
71,POST,/api/v1/rescue/{request_id}/assign-coordinator,rescue,400,2.44,2.77,2.77,2.77,2.46,2.16,2.77,19,PASS
72,POST,/api/v1/rescue/{request_id}/dispatch,rescue,400,2.56,2.92,2.92,2.92,2.64,2.43,2.92,19,PASS
73,PATCH,/api/v1/rescue/dispatch/{dispatch_id},rescue,400,2.7,3.74,3.74,3.74,2.88,2.2,3.74,19,PASS
74,DELETE,/api/v1/rescue/dispatch/{dispatch_id},rescue,400,2.25,2.26,2.26,2.26,2.23,2.2,2.26,19,PASS
75,PATCH,/api/v1/rescue/dispatches/{dispatch_id},rescue,400,2.43,2.46,2.46,2.46,2.42,2.37,2.46,19,PASS
76,DELETE,/api/v1/rescue/dispatches/{dispatch_id},rescue,400,2.83,2.91,2.91,2.91,2.77,2.57,2.91,19,PASS
77,POST,/api/v1/rescue/{request_id}/escalate,rescue,400,2.23,2.29,2.29,2.29,2.22,2.14,2.29,19,PASS
78,POST,/api/v1/rescue/{request_id}/located,rescue,400,2.16,4.22,4.22,4.22,2.83,2.1,4.22,19,PASS
79,POST,/api/v1/rescue/{request_id}/secured,rescue,400,2.38,3.35,3.35,3.35,2.66,2.25,3.35,19,PASS
80,POST,/api/v1/rescue/{request_id}/admitted,rescue,400,2.57,2.58,2.58,2.58,2.5,2.35,2.58,19,PASS
81,POST,/api/v1/rescue/{request_id}/fail,rescue,400,2.18,2.2,2.2,2.2,2.17,2.14,2.2,19,PASS
82,GET,/api/v1/rescue/status,rescue,400,2.05,2.09,2.09,2.09,2.04,1.98,2.09,19,PASS
83,GET,/api/v1/rescue/dispatches,rescue,400,2.65,3.06,3.06,3.06,2.74,2.5,3.06,19,PASS
84,GET,/api/v1/rescue/{request_id},rescue,400,2.44,2.62,2.62,2.62,2.44,2.25,2.62,19,PASS
85,DELETE,/api/v1/rescue/{request_id},rescue,400,2.47,2.94,2.94,2.94,2.54,2.22,2.94,19,PASS
86,GET,/api/v1/rescue,rescue,400,2.19,2.21,2.21,2.21,2.13,2.0,2.21,19,PASS
87,POST,/api/v1/rescue/bulk/status-update,rescue,400,2.07,2.34,2.34,2.34,2.15,2.03,2.34,19,PASS
88,POST,/api/v1/rescue/bulk/delete,rescue,400,2.04,2.04,2.04,2.04,2.02,1.98,2.04,19,PASS
89,POST,/api/v1/public/rescue/report,public-rescue,400,2.12,2.19,2.19,2.19,2.13,2.08,2.19,19,PASS
90,POST,/api/v1/public/rescue/media-upload-url,public-rescue,400,2.44,2.53,2.53,2.53,2.41,2.24,2.53,19,PASS
91,GET,/api/v1/rescue-centres,rescue-centres,400,2.0,3.52,3.52,3.52,2.5,1.97,3.52,19,PASS
92,POST,/api/v1/rescue-centres,rescue-centres,400,2.56,4.5,4.5,4.5,3.07,2.16,4.5,19,PASS
93,GET,/api/v1/rescue-centres/{facility_id},rescue-centres,400,2.21,2.32,2.32,2.32,2.18,2.01,2.32,19,PASS
94,PUT,/api/v1/rescue-centres/{facility_id},rescue-centres,400,1.97,2.17,2.17,2.17,2.01,1.89,2.17,19,PASS
95,DELETE,/api/v1/rescue-centres/{facility_id},rescue-centres,400,2.33,2.42,2.42,2.42,2.24,1.98,2.42,19,PASS
96,PUT,/api/v1/rescue-centres/{facility_id}/status,rescue-centres,400,2.36,2.4,2.4,2.4,2.29,2.11,2.4,19,PASS
97,POST,/api/v1/rescue-centres/bulk/delete,rescue-centres,400,2.38,2.71,2.71,2.71,2.48,2.36,2.71,19,PASS
98,POST,/api/v1/rescue-centres/bulk/status,rescue-centres,400,2.15,2.22,2.22,2.22,2.17,2.13,2.22,19,PASS
99,GET,/api/v1/dogs,dogs,400,2.07,2.19,2.19,2.19,2.08,1.99,2.19,19,PASS
100,POST,/api/v1/dogs,dogs,400,1.97,2.07,2.07,2.07,2.0,1.97,2.07,19,PASS
101,GET,/api/v1/dogs/{dog_id},dogs,400,2.3,2.46,2.46,2.46,2.26,2.01,2.46,19,PASS
102,PUT,/api/v1/dogs/{dog_id},dogs,400,2.16,2.28,2.28,2.28,2.19,2.14,2.28,19,PASS
103,DELETE,/api/v1/dogs/{dog_id},dogs,400,2.11,2.79,2.79,2.79,2.33,2.1,2.79,19,PASS
104,GET,/api/v1/dogs/admin/dogs/{dog_id},dogs,400,1.91,1.93,1.93,1.93,1.91,1.9,1.93,19,PASS
105,GET,/api/v1/dogs/{dog_id}/timeline,dogs,400,2.13,2.71,2.71,2.71,2.27,1.99,2.71,19,PASS
106,GET,/api/v1/dogs/{dog_id}/public-scan,dogs,400,1.75,1.85,1.85,1.85,1.78,1.74,1.85,19,PASS
107,GET,/api/v1/dogs/{dog_id}/qr-image,dogs,400,2.04,2.72,2.72,2.72,2.16,1.72,2.72,19,PASS
108,POST,/api/v1/dogs/{dog_id}/weight,dogs,400,2.0,25.38,25.38,25.38,9.78,1.95,25.38,19,PASS
109,GET,/api/v1/dogs/{dog_id}/weights,dogs,400,2.34,2.59,2.59,2.59,2.39,2.23,2.59,19,PASS
110,PATCH,/api/v1/dogs/admin/dogs/{dog_id}/status,dogs,400,4.34,4.43,4.43,4.43,4.34,4.25,4.43,19,PASS
111,PATCH,/api/v1/dogs/{dog_id}/status,dogs,400,5.32,6.63,6.63,6.63,5.42,4.32,6.63,19,PASS
112,POST,/api/v1/dogs/bulk/status-update,dogs,400,6.46,6.53,6.53,6.53,6.45,6.35,6.53,19,PASS
113,POST,/api/v1/dogs/bulk/delete,dogs,400,4.41,4.64,4.64,4.64,4.34,3.97,4.64,19,PASS
114,GET,/api/v1/companion-pets,companion-pets,400,3.01,3.64,3.64,3.64,3.03,2.44,3.64,19,PASS
115,POST,/api/v1/companion-pets,companion-pets,400,2.3,2.44,2.44,2.44,2.31,2.18,2.44,19,PASS
116,GET,/api/v1/companion-pets/clinics,companion-pets,400,2.05,2.56,2.56,2.56,2.22,2.05,2.56,19,PASS
117,POST,/api/v1/companion-pets/clinics,companion-pets,400,2.19,2.2,2.2,2.2,2.18,2.16,2.2,19,PASS
118,GET,/api/v1/companion-pets/appointments,companion-pets,400,2.4,2.83,2.83,2.83,2.47,2.17,2.83,19,PASS
119,POST,/api/v1/companion-pets/appointments,companion-pets,400,2.14,3.01,3.01,3.01,2.42,2.1,3.01,19,PASS
120,GET,/api/v1/companion-pets/{pet_id},companion-pets,400,2.02,2.41,2.41,2.41,2.14,1.99,2.41,19,PASS
121,PATCH,/api/v1/companion-pets/{pet_id},companion-pets,400,2.07,2.07,2.07,2.07,2.06,2.05,2.07,19,PASS
122,DELETE,/api/v1/companion-pets/{pet_id},companion-pets,400,2.03,2.09,2.09,2.09,2.05,2.02,2.09,19,PASS
123,POST,/api/v1/companion-pets/{pet_id}/medical-files/upload-url,companion-pets,400,2.82,3.05,3.05,3.05,2.69,2.22,3.05,19,PASS
124,PUT,/api/v1/companion-pets/{pet_id}/medical-files/{file_id}/confirm,companion-pets,400,1.9,2.59,2.59,2.59,2.11,1.84,2.59,19,PASS
125,GET,/api/v1/companion-pets/{pet_id}/medical-files,companion-pets,400,2.18,2.27,2.27,2.27,2.18,2.08,2.27,19,PASS
126,GET,/api/v1/companion-pets/{pet_id}/medical-records,companion-pets,400,4.71,5.29,5.29,5.29,4.75,4.26,5.29,19,PASS
127,POST,/api/v1/companion-pets/{pet_id}/medical-records,companion-pets,400,5.16,5.75,5.75,5.75,5.13,4.49,5.75,19,PASS
128,DELETE,/api/v1/companion-pets/medical-records/{record_id},companion-pets,400,3.91,4.16,4.16,4.16,3.86,3.5,4.16,19,PASS
129,GET,/api/v1/companion-pets/{pet_id}/safety-tag,companion-pets,400,5.75,6.22,6.22,6.22,5.87,5.64,6.22,19,PASS
130,POST,/api/v1/companion-pets/{pet_id}/safety-tag,companion-pets,400,3.37,3.66,3.66,3.66,3.36,3.04,3.66,19,PASS
131,POST,/api/v1/companion-pets/safety-tag/scan,companion-pets,400,4.34,5.45,5.45,5.45,4.36,3.3,5.45,19,PASS
132,PATCH,/api/v1/companion-pets/clinics/{clinic_id},companion-pets,400,2.98,3.78,3.78,3.78,3.19,2.81,3.78,19,PASS
133,DELETE,/api/v1/companion-pets/clinics/{clinic_id},companion-pets,400,2.49,3.19,3.19,3.19,2.66,2.29,3.19,19,PASS
134,POST,/api/v1/companion-pets/clinics/{clinic_id}/memberships,companion-pets,400,2.05,2.2,2.2,2.2,2.1,2.04,2.2,19,PASS
135,GET,/api/v1/companion-pets/appointments/{appointment_id},companion-pets,400,1.9,1.99,1.99,1.99,1.91,1.84,1.99,19,PASS
136,POST,/api/v1/companion-pets/appointments/{appointment_id}/cancel,companion-pets,400,3.54,3.99,3.99,3.99,3.51,3.01,3.99,19,PASS
137,POST,/api/v1/companion-pets/appointments/{appointment_id}/confirm,companion-pets,400,2.45,2.87,2.87,2.87,2.53,2.27,2.87,19,PASS
138,GET,/api/v1/companion-pets/{pet_id}/reminders,companion-pets,400,2.17,2.34,2.34,2.34,2.18,2.04,2.34,19,PASS
139,POST,/api/v1/companion-pets/{pet_id}/reminders,companion-pets,400,2.33,2.44,2.44,2.44,2.34,2.26,2.44,19,PASS
140,DELETE,/api/v1/companion-pets/{pet_id}/reminders/{reminder_id},companion-pets,400,2.25,2.41,2.41,2.41,2.26,2.13,2.41,19,PASS
141,GET,/api/v1/adoptions/nearby-shelters,adoptions,400,2.22,2.25,2.25,2.25,2.18,2.09,2.25,19,PASS
142,GET,/api/v1/adoptions,adoptions,400,2.14,2.2,2.2,2.2,2.15,2.11,2.2,19,PASS
143,POST,/api/v1/adoptions,adoptions,400,2.43,2.56,2.56,2.56,2.43,2.29,2.56,19,PASS
144,GET,/api/v1/adoptions/my,adoptions,400,3.2,3.26,3.26,3.26,3.16,3.02,3.26,19,PASS
145,GET,/api/v1/adoptions/{app_id},adoptions,400,2.08,2.5,2.5,2.5,2.21,2.04,2.5,19,PASS
146,PUT,/api/v1/adoptions/{app_id},adoptions,400,1.97,2.13,2.13,2.13,2.0,1.92,2.13,19,PASS
147,DELETE,/api/v1/adoptions/{app_id},adoptions,400,2.51,2.56,2.56,2.56,2.37,2.04,2.56,19,PASS
148,GET,/api/v1/adoptions/{app_id}/agreement,adoptions,400,2.36,2.82,2.82,2.82,2.42,2.07,2.82,19,PASS
149,PATCH,/api/v1/adoptions/{app_id}/status,adoptions,400,2.05,2.83,2.83,2.83,2.3,2.01,2.83,19,PASS
150,GET,/api/v1/adoptions/{app_id}/scores,adoptions,400,2.34,2.51,2.51,2.51,2.3,2.04,2.51,19,PASS
151,POST,/api/v1/adoptions/{app_id}/scores,adoptions,400,1.98,2.0,2.0,2.0,1.97,1.95,2.0,19,PASS
152,DELETE,/api/v1/adoptions/admin/adoptions/{app_id},adoptions,400,2.07,2.24,2.24,2.24,2.11,2.02,2.24,19,PASS
153,GET,/api/v1/adoptions/{app_id}/follow-ups,adoptions,400,1.89,1.96,1.96,1.96,1.91,1.87,1.96,19,PASS
154,POST,/api/v1/adoptions/{app_id}/follow-ups,adoptions,400,2.4,2.49,2.49,2.49,2.36,2.19,2.49,19,PASS
155,POST,/api/v1/adoptions/{app_id}/follow-ups/{follow_up_id}/proof,adoptions,400,2.51,2.93,2.93,2.93,2.51,2.07,2.93,19,PASS
156,PUT,/api/v1/adoptions/{app_id}/fee,adoptions,400,2.19,2.99,2.99,2.99,2.43,2.11,2.99,19,PASS
157,POST,/api/v1/adoptions/bulk/status-update,adoptions,400,1.98,2.03,2.03,2.03,1.98,1.95,2.03,19,PASS
158,POST,/api/v1/adoptions/bulk/delete,adoptions,400,1.92,1.95,1.95,1.95,1.92,1.88,1.95,19,PASS
159,POST,/api/v1/volunteers/apply,volunteers,400,3.34,3.5,3.5,3.5,2.97,2.06,3.5,19,PASS
160,GET,/api/v1/volunteers/{profile_id},volunteers,400,2.11,2.19,2.19,2.19,2.11,2.03,2.19,19,PASS
161,PUT,/api/v1/volunteers/{profile_id},volunteers,400,2.01,2.17,2.17,2.17,2.06,1.99,2.17,19,PASS
162,DELETE,/api/v1/volunteers/{profile_id},volunteers,400,2.26,2.26,2.26,2.26,2.22,2.14,2.26,19,PASS
163,GET,/api/v1/volunteers/shifts,volunteers,400,2.51,2.94,2.94,2.94,2.54,2.18,2.94,19,PASS
164,POST,/api/v1/volunteers/shifts,volunteers,400,1.99,2.01,2.01,2.01,1.97,1.92,2.01,19,PASS
165,POST,/api/v1/volunteers/shifts/{shift_id}/join,volunteers,400,2.12,2.24,2.24,2.24,2.13,2.03,2.24,19,PASS
166,POST,/api/v1/volunteers/attendance/{attendance_id}/check-in,volunteers,400,2.68,2.71,2.71,2.71,2.56,2.3,2.71,19,PASS
167,POST,/api/v1/volunteers/attendance/{attendance_id}/check-out,volunteers,400,2.27,2.53,2.53,2.53,2.35,2.23,2.53,19,PASS
168,GET,/api/v1/volunteers/shifts/{shift_id}/attendance,volunteers,400,2.3,2.55,2.55,2.55,2.35,2.2,2.55,19,PASS
169,GET,/api/v1/volunteers,volunteers,400,2.04,2.11,2.11,2.11,2.03,1.94,2.11,19,PASS
170,POST,/api/v1/volunteers/bulk/delete,volunteers,400,2.09,2.13,2.13,2.13,2.07,1.99,2.13,19,PASS
171,GET,/api/v1/volunteers/{profile_id}/certificate,volunteers,400,2.01,2.18,2.18,2.18,2.06,1.99,2.18,19,PASS
172,GET,/api/v1/volunteers/{profile_id}/service-summary,volunteers,400,2.19,2.3,2.3,2.3,2.2,2.11,2.3,19,PASS
173,POST,/api/v1/volunteers/bulk/status,volunteers,400,1.97,2.83,2.83,2.83,2.24,1.91,2.83,19,PASS
174,POST,/api/v1/fosters/apply,fosters,400,2.61,3.23,3.23,3.23,2.7,2.27,3.23,19,PASS
175,PUT,/api/v1/fosters/{profile_id},fosters,400,2.36,2.43,2.43,2.43,2.34,2.23,2.43,19,PASS
176,DELETE,/api/v1/fosters/{profile_id},fosters,400,2.04,2.7,2.7,2.7,2.24,1.99,2.7,19,PASS
177,DELETE,/api/v1/fosters/admin/fosters/{profile_id},fosters,400,2.3,2.5,2.5,2.5,2.35,2.24,2.5,19,PASS
178,POST,/api/v1/fosters/{profile_id}/placements,fosters,400,2.09,2.13,2.13,2.13,2.1,2.06,2.13,19,PASS
179,POST,/api/v1/fosters/placements/{placement_id}/return,fosters,400,2.21,2.67,2.67,2.67,2.33,2.12,2.67,19,PASS
180,GET,/api/v1/fosters,fosters,400,2.14,2.15,2.15,2.15,2.1,2.02,2.15,19,PASS
181,POST,/api/v1/fosters/bulk/delete,fosters,400,2.02,2.64,2.64,2.64,2.21,1.98,2.64,19,PASS
182,GET,/api/v1/fosters/placements/{placement_id}/progress,fosters,400,2.23,2.45,2.45,2.45,2.28,2.17,2.45,19,PASS
183,POST,/api/v1/fosters/placements/{placement_id}/progress,fosters,400,2.13,3.1,3.1,3.1,2.43,2.05,3.1,19,PASS
184,GET,/api/v1/fosters/placements/{placement_id}/supplies,fosters,400,1.72,1.76,1.76,1.76,1.72,1.69,1.76,19,PASS
185,POST,/api/v1/fosters/placements/{placement_id}/supplies,fosters,400,1.76,1.97,1.97,1.97,1.81,1.68,1.97,19,PASS
186,POST,/api/v1/fosters/placements/{placement_id}/convert-to-adopt,fosters,400,3.27,22.06,22.06,22.06,9.1,1.99,22.06,19,PASS
187,POST,/api/v1/donations/register,donations,400,2.82,3.27,3.27,3.27,2.81,2.34,3.27,19,PASS
188,PUT,/api/v1/donations/donors/{donor_id},donations,400,2.99,3.44,3.44,3.44,2.99,2.53,3.44,19,PASS
189,DELETE,/api/v1/donations/donors/{donor_id},donations,400,2.23,2.25,2.25,2.25,2.23,2.22,2.25,19,PASS
190,GET,/api/v1/donations,donations,400,2.01,2.74,2.74,2.74,2.23,1.96,2.74,19,PASS
191,POST,/api/v1/donations,donations,400,2.58,2.76,2.76,2.76,2.45,2.02,2.76,19,PASS
192,POST,/api/v1/donations/checkout,donations,400,2.7,2.73,2.73,2.73,2.54,2.19,2.73,19,PASS
193,POST,/api/v1/donations/verify,donations,400,2.09,2.46,2.46,2.46,2.19,2.01,2.46,19,PASS
194,GET,/api/v1/donations/history,donations,400,1.9,1.98,1.98,1.98,1.92,1.87,1.98,19,PASS
195,GET,/api/v1/donations/donors,donations,400,3.0,3.93,3.93,3.93,3.15,2.53,3.93,19,PASS
196,GET,/api/v1/donations/{donation_id}/receipt,donations,400,2.28,2.39,2.39,2.39,2.29,2.21,2.39,19,PASS
197,PATCH,/api/v1/donations/{donation_id}/status,donations,400,2.46,3.16,3.16,3.16,2.6,2.16,3.16,19,PASS
198,POST,/api/v1/donations/{donation_id}/reconcile,donations,400,2.36,2.57,2.57,2.57,2.43,2.36,2.57,19,PASS
199,POST,/api/v1/donations/bulk/status-update,donations,400,2.22,2.7,2.7,2.7,2.38,2.21,2.7,19,PASS
200,POST,/api/v1/donations/donors/bulk/delete,donations,400,2.48,2.54,2.54,2.54,2.42,2.25,2.54,19,PASS
201,GET,/api/v1/donations/sponsorships,donations,400,2.33,2.45,2.45,2.45,2.37,2.32,2.45,19,PASS
202,POST,/api/v1/donations/sponsorships,donations,400,1.97,2.0,2.0,2.0,1.98,1.97,2.0,19,PASS
203,PATCH,/api/v1/donations/sponsorships/{sponsorship_id}/status,donations,400,2.21,3.51,3.51,3.51,2.6,2.07,3.51,19,PASS
204,GET,/api/v1/donations/sponsorships/my,donations,400,2.07,2.12,2.12,2.12,2.09,2.06,2.12,19,PASS
205,GET,/api/v1/donations/sponsorships/{sponsorship_id},donations,400,2.19,2.36,2.36,2.36,2.24,2.17,2.36,19,PASS
206,GET,/api/v1/donations/campaigns,donations,400,2.18,2.38,2.38,2.38,2.21,2.07,2.38,19,PASS
207,POST,/api/v1/donations/campaigns,donations,400,3.01,3.32,3.32,3.32,3.0,2.68,3.32,19,PASS
208,GET,/api/v1/donations/campaigns/manage,donations,400,2.06,2.41,2.41,2.41,2.17,2.05,2.41,19,PASS
209,GET,/api/v1/donations/campaigns/{campaign_id},donations,400,2.31,2.32,2.32,2.32,2.29,2.23,2.32,19,PASS
210,PATCH,/api/v1/donations/campaigns/{campaign_id},donations,400,2.05,2.73,2.73,2.73,2.27,2.04,2.73,19,PASS
211,DELETE,/api/v1/donations/campaigns/{campaign_id},donations,400,2.28,2.34,2.34,2.34,2.3,2.28,2.34,19,PASS
212,GET,/api/v1/donations/donors/me,donations,400,2.66,2.81,2.81,2.81,2.61,2.37,2.81,19,PASS
213,GET,/api/v1/donations/recurring,donations,400,2.47,2.62,2.62,2.62,2.49,2.38,2.62,19,PASS
214,POST,/api/v1/donations/recurring,donations,400,2.24,2.58,2.58,2.58,2.28,2.03,2.58,19,PASS
215,DELETE,/api/v1/donations/recurring/{subscription_id},donations,400,1.88,2.51,2.51,2.51,2.09,1.88,2.51,19,PASS
216,GET,/api/v1/lost-found/lost,lost-found,400,2.1,2.24,2.24,2.24,2.14,2.06,2.24,19,PASS
217,POST,/api/v1/lost-found/lost,lost-found,400,2.59,3.27,3.27,3.27,2.72,2.28,3.27,19,PASS
218,POST,/api/v1/lost-found/lost/{report_id}/broadcast,lost-found,400,2.32,2.35,2.35,2.35,2.24,2.04,2.35,19,PASS
219,GET,/api/v1/lost-found/found,lost-found,400,2.04,2.06,2.06,2.06,2.02,1.96,2.06,19,PASS
220,POST,/api/v1/lost-found/found,lost-found,400,1.94,1.95,1.95,1.95,1.94,1.93,1.95,19,PASS
221,GET,/api/v1/lost-found/stories,lost-found,400,2.04,2.63,2.63,2.63,2.21,1.95,2.63,19,PASS
222,GET,/api/v1/lost-found/reunion-stories,lost-found,400,1.93,1.98,1.98,1.98,1.94,1.9,1.98,19,PASS
223,GET,/api/v1/lost-found/lost/{report_id},lost-found,400,2.79,3.09,3.09,3.09,2.69,2.17,3.09,19,PASS
224,DELETE,/api/v1/lost-found/lost/{report_id},lost-found,400,2.09,2.13,2.13,2.13,2.08,2.02,2.13,19,PASS
225,GET,/api/v1/lost-found/found/{report_id},lost-found,400,1.95,2.03,2.03,2.03,1.97,1.94,2.03,19,PASS
226,DELETE,/api/v1/lost-found/found/{report_id},lost-found,400,2.79,2.92,2.92,2.92,2.58,2.03,2.92,19,PASS
227,GET,/api/v1/lost-found/lost/{report_id}/matches,lost-found,400,1.97,2.1,2.1,2.1,2.01,1.96,2.1,19,PASS
228,GET,/api/v1/lost-found/found/{report_id}/matches,lost-found,400,2.27,2.39,2.39,2.39,2.25,2.1,2.39,19,PASS
229,POST,/api/v1/lost-found/matches/{match_id}/claim,lost-found,400,2.1,2.13,2.13,2.13,2.09,2.02,2.13,19,PASS
230,POST,/api/v1/lost-found/matches/{match_id}/claim/review,lost-found,400,2.05,3.22,3.22,3.22,2.43,2.02,3.22,19,PASS
231,POST,/api/v1/lost-found/matches/{match_id}/resolve,lost-found,400,3.05,3.25,3.25,3.25,2.94,2.52,3.25,19,PASS
232,POST,/api/v1/lost-found/lost/bulk/delete,lost-found,400,2.34,3.07,3.07,3.07,2.55,2.22,3.07,19,PASS
233,POST,/api/v1/lost-found/found/bulk/delete,lost-found,400,1.98,2.26,2.26,2.26,2.07,1.97,2.26,19,PASS
234,GET,/api/v1/inventory/items,inventory,400,1.89,1.91,1.91,1.91,1.88,1.83,1.91,19,PASS
235,POST,/api/v1/inventory/items,inventory,400,1.95,1.95,1.95,1.95,1.95,1.93,1.95,19,PASS
236,GET,/api/v1/inventory/items/{item_id},inventory,400,2.1,3.14,3.14,3.14,2.39,1.91,3.14,19,PASS
237,DELETE,/api/v1/inventory/items/{item_id},inventory,400,2.87,2.95,2.95,2.95,2.62,2.04,2.95,19,PASS
238,POST,/api/v1/inventory/movements,inventory,400,1.96,2.0,2.0,2.0,1.97,1.94,2.0,19,PASS
239,GET,/api/v1/inventory/items/{item_id}/movements,inventory,400,2.86,3.09,3.09,3.09,2.62,1.9,3.09,19,PASS
240,GET,/api/v1/inventory/requisitions,inventory,400,2.08,2.27,2.27,2.27,2.12,2.02,2.27,19,PASS
241,POST,/api/v1/inventory/requisitions,inventory,400,2.11,2.16,2.16,2.16,2.1,2.04,2.16,19,PASS
242,PUT,/api/v1/inventory/requisitions/{req_id}/status,inventory,400,2.13,2.22,2.22,2.22,2.12,2.01,2.22,19,PASS
243,POST,/api/v1/inventory/items/bulk/delete,inventory,400,2.22,2.8,2.8,2.8,2.41,2.2,2.8,19,PASS
244,POST,/api/v1/inventory/requisitions/bulk/status,inventory,400,2.08,2.82,2.82,2.82,2.31,2.04,2.82,19,PASS
245,GET,/api/v1/shelter/facilities,shelter,400,1.99,2.11,2.11,2.11,2.0,1.91,2.11,19,PASS
246,POST,/api/v1/shelter/facilities,shelter,400,1.96,1.97,1.97,1.97,1.95,1.9,1.97,19,PASS
247,GET,/api/v1/shelter/facilities/{facility_id},shelter,400,2.11,2.26,2.26,2.26,2.12,2.0,2.26,19,PASS
248,PUT,/api/v1/shelter/facilities/{facility_id},shelter,400,2.26,2.39,2.39,2.39,2.2,1.96,2.39,19,PASS
249,DELETE,/api/v1/shelter/facilities/{facility_id},shelter,400,2.06,2.17,2.17,2.17,2.08,2.02,2.17,19,PASS
250,GET,/api/v1/shelter/facilities/{facility_id}/sections,shelter,400,2.22,2.33,2.33,2.33,2.25,2.19,2.33,19,PASS
251,POST,/api/v1/shelter/facilities/{facility_id}/sections,shelter,400,2.16,2.54,2.54,2.54,2.26,2.08,2.54,19,PASS
252,GET,/api/v1/shelter/sections/{section_id}/kennels,shelter,400,2.13,2.21,2.21,2.21,2.15,2.12,2.21,19,PASS
253,POST,/api/v1/shelter/sections/{section_id}/kennels,shelter,400,2.02,2.1,2.1,2.1,2.04,1.99,2.1,19,PASS
254,POST,/api/v1/shelter/kennels/{kennel_id}/assign/{dog_id},shelter,400,2.19,2.48,2.48,2.48,2.23,2.01,2.48,19,PASS
255,PATCH,/api/v1/shelter/kennels/{kennel_id}/assign/{dog_id},shelter,400,2.27,2.44,2.44,2.44,2.29,2.16,2.44,19,PASS
256,PUT,/api/v1/shelter/kennels/{kennel_id}/sanitation,shelter,400,2.12,2.55,2.55,2.55,2.24,2.07,2.55,19,PASS
257,GET,/api/v1/shelter/kennels/{kennel_id}/cleaning-logs,shelter,400,2.5,2.67,2.67,2.67,2.42,2.09,2.67,19,PASS
258,POST,/api/v1/shelter/kennels/{kennel_id}/cleaning-logs,shelter,400,1.97,2.07,2.07,2.07,2.0,1.96,2.07,19,PASS
259,GET,/api/v1/shelter/transfers,shelter,400,1.98,1.99,1.99,1.99,1.97,1.95,1.99,19,PASS
260,POST,/api/v1/shelter/transfers,shelter,400,2.02,2.58,2.58,2.58,2.19,1.97,2.58,19,PASS
261,GET,/api/v1/shelter/transfers/{transfer_id},shelter,400,2.01,2.07,2.07,2.07,2.01,1.95,2.07,19,PASS
262,POST,/api/v1/shelter/transfers/{transfer_id}/confirm-sender,shelter,400,1.81,1.85,1.85,1.85,1.81,1.77,1.85,19,PASS
263,POST,/api/v1/shelter/transfers/{transfer_id}/confirm-receiver,shelter,400,1.73,1.76,1.76,1.76,1.73,1.72,1.76,19,PASS
264,POST,/api/v1/shelter/care-logs,shelter,400,2.1,2.4,2.4,2.4,2.06,1.69,2.4,19,PASS
265,GET,/api/v1/shelter/dogs/{dog_id}/care-logs,shelter,400,1.95,24.63,24.63,24.63,9.46,1.8,24.63,19,PASS
266,PUT,/api/v1/shelter/facilities/{facility_id}/status,shelter,400,3.68,3.87,3.87,3.87,3.74,3.66,3.87,19,PASS
267,POST,/api/v1/shelter/facilities/bulk/delete,shelter,400,3.36,3.47,3.47,3.47,3.3,3.06,3.47,19,PASS
268,POST,/api/v1/shelter/facilities/bulk/status,shelter,400,2.9,3.24,3.24,3.24,2.92,2.62,3.24,19,PASS
269,GET,/api/v1/medical/exams,medical,400,2.53,3.4,3.4,3.4,2.79,2.44,3.4,19,PASS
270,POST,/api/v1/medical/exams,medical,400,4.35,4.68,4.68,4.68,3.99,2.93,4.68,19,PASS
271,GET,/api/v1/medical/treatments,medical,400,4.53,5.71,5.71,5.71,4.91,4.49,5.71,19,PASS
272,POST,/api/v1/medical/treatments,medical,400,5.38,5.95,5.95,5.95,5.4,4.86,5.95,19,PASS
273,GET,/api/v1/medical/vaccinations,medical,400,2.58,3.27,3.27,3.27,2.73,2.34,3.27,19,PASS
274,POST,/api/v1/medical/vaccinations,medical,400,3.1,3.19,3.19,3.19,3.1,3.01,3.19,19,PASS
275,GET,/api/v1/medical/prescriptions,medical,400,2.38,2.59,2.59,2.59,2.38,2.16,2.59,19,PASS
276,POST,/api/v1/medical/prescriptions,medical,400,2.1,2.34,2.34,2.34,2.17,2.08,2.34,19,PASS
277,POST,/api/v1/medical/clearance/{dog_id},medical,400,2.35,2.47,2.47,2.47,2.38,2.33,2.47,19,PASS
278,GET,/api/v1/medical/clearances/dogs/{dog_id},medical,400,3.22,3.46,3.46,3.46,3.29,3.2,3.46,19,PASS
279,POST,/api/v1/medical/administrations,medical,400,2.32,3.61,3.61,3.61,2.73,2.27,3.61,19,PASS
280,GET,/api/v1/medical/prescriptions/{prescription_id}/administrations,medical,400,2.05,2.3,2.3,2.3,2.12,2.0,2.3,19,PASS
281,GET,/api/v1/medical/dogs/{dog_id}/administrations,medical,400,2.76,2.88,2.88,2.88,2.52,1.93,2.88,19,PASS
282,GET,/api/v1/medical/vaccine-protocols,medical,400,2.27,2.53,2.53,2.53,2.3,2.08,2.53,19,PASS
283,POST,/api/v1/medical/vaccine-protocols,medical,400,2.09,2.16,2.16,2.16,2.11,2.06,2.16,19,PASS
284,GET,/api/v1/medical/dogs/{dog_id}/history,medical,400,2.23,2.93,2.93,2.93,2.41,2.06,2.93,19,PASS
285,PUT,/api/v1/medical/prescriptions/{prescription_id},medical,400,2.0,2.04,2.04,2.04,2.0,1.96,2.04,19,PASS
286,PATCH,/api/v1/medical/prescriptions/{prescription_id}/status,medical,400,1.94,2.1,2.1,2.1,1.97,1.86,2.1,19,PASS
287,DELETE,/api/v1/medical/{entity_type}/{entity_id},medical,400,2.54,2.8,2.8,2.8,2.49,2.13,2.8,19,PASS
288,POST,/api/v1/medical/bulk/prescriptions/status,medical,400,2.5,2.53,2.53,2.53,2.37,2.07,2.53,19,PASS
289,POST,/api/v1/medical/bulk/delete,medical,400,2.11,2.32,2.32,2.32,2.17,2.08,2.32,19,PASS
290,GET,/api/v1/portal/stats,portal,400,1.95,2.01,2.01,2.01,1.97,1.93,2.01,19,PASS
291,GET,/api/v1/portal/success-stories,portal,400,2.51,2.73,2.73,2.73,2.43,2.06,2.73,19,PASS
292,GET,/api/v1/portal/success-stories/{story_id},portal,400,1.98,2.1,2.1,2.1,2.01,1.94,2.1,19,PASS
293,GET,/api/v1/portal/blog,portal,400,2.28,2.31,2.31,2.31,2.27,2.22,2.31,19,PASS
294,GET,/api/v1/portal/blog/slug/{slug},portal,400,2.23,2.23,2.23,2.23,2.19,2.12,2.23,19,PASS
295,GET,/api/v1/portal/veterinary-network,portal,400,2.32,2.59,2.59,2.59,2.33,2.09,2.59,19,PASS
296,GET,/api/v1/portal/contact,portal,400,2.0,2.11,2.11,2.11,2.01,1.93,2.11,19,PASS
297,POST,/api/v1/portal/contact,portal,400,2.17,2.26,2.26,2.26,2.18,2.13,2.26,19,PASS
298,POST,/api/v1/portal/newsletter/subscribe,portal,400,2.32,3.04,3.04,3.04,2.47,2.06,3.04,19,PASS
299,GET,/api/v1/portal/faq,portal,400,2.0,2.11,2.11,2.11,2.03,1.97,2.11,19,PASS
300,GET,/api/v1/portal/legal,portal,400,2.21,2.47,2.47,2.47,2.28,2.18,2.47,19,PASS
301,GET,/api/v1/portal/legal/{slug},portal,400,2.04,2.08,2.08,2.08,2.05,2.03,2.08,19,PASS
302,GET,/api/v1/portal/urgent-alerts,portal,400,1.89,1.96,1.96,1.96,1.89,1.81,1.96,19,PASS
303,GET,/api/v1/portal/transparency,portal,400,1.78,2.94,2.94,2.94,2.15,1.72,2.94,19,PASS
304,GET,/api/v1/portal/me/dashboard,portal,400,3.91,4.29,4.29,4.29,3.93,3.61,4.29,19,PASS
305,GET,/api/v1/portal/admin/success-stories,portal,400,2.23,2.49,2.49,2.49,2.3,2.18,2.49,19,PASS
306,POST,/api/v1/portal/admin/success-stories,portal,400,3.5,3.56,3.56,3.56,3.33,2.94,3.56,19,PASS
307,PUT,/api/v1/portal/admin/success-stories/{story_id},portal,400,3.09,3.19,3.19,3.19,2.99,2.68,3.19,19,PASS
308,DELETE,/api/v1/portal/admin/success-stories/{story_id},portal,400,2.54,2.67,2.67,2.67,2.58,2.54,2.67,19,PASS
309,GET,/api/v1/portal/admin/blog,portal,400,3.26,3.28,3.28,3.28,3.24,3.19,3.28,19,PASS
310,POST,/api/v1/portal/admin/blog,portal,400,2.34,2.51,2.51,2.51,2.37,2.26,2.51,19,PASS
311,PUT,/api/v1/portal/admin/blog/{post_id},portal,400,2.45,2.8,2.8,2.8,2.55,2.4,2.8,19,PASS
312,DELETE,/api/v1/portal/admin/blog/{post_id},portal,400,2.65,2.86,2.86,2.86,2.58,2.22,2.86,19,PASS
313,POST,/api/v1/portal/admin/veterinary-network,portal,400,2.19,2.37,2.37,2.37,2.22,2.1,2.37,19,PASS
314,PUT,/api/v1/portal/admin/veterinary-network/{partner_id},portal,400,2.42,3.04,3.04,3.04,2.55,2.19,3.04,19,PASS
315,POST,/api/v1/portal/admin/contact,portal,400,2.78,3.07,3.07,3.07,2.86,2.73,3.07,19,PASS
316,PUT,/api/v1/portal/admin/contact/{location_id},portal,400,2.38,2.47,2.47,2.47,2.37,2.25,2.47,19,PASS
317,GET,/api/v1/portal/admin/faq,portal,400,2.43,2.53,2.53,2.53,2.42,2.31,2.53,19,PASS
318,POST,/api/v1/portal/admin/faq,portal,400,2.93,3.23,3.23,3.23,2.97,2.76,3.23,19,PASS
319,PUT,/api/v1/portal/admin/faq/{entry_id},portal,400,2.39,2.55,2.55,2.55,2.44,2.39,2.55,19,PASS
320,DELETE,/api/v1/portal/admin/faq/{entry_id},portal,400,2.22,2.23,2.23,2.23,2.19,2.1,2.23,19,PASS
321,PUT,/api/v1/portal/admin/settings/{key},portal,400,2.24,2.25,2.25,2.25,2.21,2.15,2.25,19,PASS
322,GET,/api/v1/portal/admin/settings,portal,400,2.2,3.1,3.1,3.1,2.45,2.06,3.1,19,PASS
323,POST,/api/v1/portal/admin/success-stories/bulk/delete,portal,400,2.46,2.71,2.71,2.71,2.5,2.34,2.71,19,PASS
324,POST,/api/v1/portal/admin/success-stories/bulk/status,portal,400,2.38,2.49,2.49,2.49,2.38,2.28,2.49,19,PASS
325,POST,/api/v1/portal/admin/blog/bulk/delete,portal,400,3.31,3.36,3.36,3.36,3.11,2.66,3.36,19,PASS
326,POST,/api/v1/portal/admin/blog/bulk/status,portal,400,2.67,3.01,3.01,3.01,2.73,2.51,3.01,19,PASS
327,POST,/api/v1/portal/admin/faq/bulk/delete,portal,400,2.28,2.39,2.39,2.39,2.31,2.26,2.39,19,PASS
328,POST,/api/v1/portal/admin/faq/bulk/status,portal,400,2.2,2.2,2.2,2.2,2.18,2.15,2.2,19,PASS
329,GET,/api/v1/portal/admin/legal,portal,400,2.47,2.49,2.49,2.49,2.38,2.19,2.49,19,PASS
330,POST,/api/v1/portal/admin/legal,portal,400,2.46,2.56,2.56,2.56,2.47,2.38,2.56,19,PASS
331,PUT,/api/v1/portal/admin/legal/{doc_id},portal,400,2.2,2.22,2.22,2.22,2.18,2.14,2.22,19,PASS
332,DELETE,/api/v1/portal/admin/legal/{doc_id},portal,400,2.81,3.25,3.25,3.25,2.75,2.18,3.25,19,PASS
333,GET,/api/v1/portal/admin/urgent-alerts,portal,400,2.21,2.99,2.99,2.99,2.45,2.16,2.99,19,PASS
334,POST,/api/v1/portal/admin/urgent-alerts,portal,400,2.59,2.88,2.88,2.88,2.64,2.44,2.88,19,PASS
335,PUT,/api/v1/portal/admin/urgent-alerts/{alert_id},portal,400,2.73,2.92,2.92,2.92,2.61,2.18,2.92,19,PASS
336,DELETE,/api/v1/portal/admin/urgent-alerts/{alert_id},portal,400,2.13,2.15,2.15,2.15,2.08,1.96,2.15,19,PASS
337,GET,/api/v1/portal/cms/pages/{slug},portal,400,2.53,2.73,2.73,2.73,2.39,1.92,2.73,19,PASS
338,GET,/api/v1/portal/admin/cms/pages,portal,400,2.41,3.01,3.01,3.01,2.59,2.34,3.01,19,PASS
339,GET,/api/v1/portal/admin/cms/pages/{slug},portal,400,3.0,3.13,3.13,3.13,2.91,2.6,3.13,19,PASS
340,PUT,/api/v1/portal/admin/cms/pages/{slug},portal,400,2.49,2.66,2.66,2.66,2.49,2.31,2.66,19,PASS
341,POST,/api/v1/portal/admin/cms/pages/{slug}/publish,portal,400,2.33,2.62,2.62,2.62,2.34,2.08,2.62,19,PASS
342,POST,/api/v1/portal/admin/cms/pages/{slug}/discard,portal,400,2.4,2.64,2.64,2.64,2.35,2.01,2.64,19,PASS
343,GET,/api/v1/fleet/vehicles,fleet,400,1.97,1.98,1.98,1.98,1.92,1.82,1.98,19,PASS
344,POST,/api/v1/fleet/vehicles,fleet,400,2.23,2.42,2.42,2.42,2.25,2.1,2.42,19,PASS
345,GET,/api/v1/fleet/vehicles/{vehicle_id},fleet,400,2.94,3.27,3.27,3.27,3.05,2.92,3.27,19,PASS
346,PUT,/api/v1/fleet/vehicles/{vehicle_id},fleet,400,2.17,2.2,2.2,2.2,2.16,2.12,2.2,19,PASS
347,DELETE,/api/v1/fleet/vehicles/{vehicle_id},fleet,400,2.32,2.9,2.9,2.9,2.47,2.19,2.9,19,PASS
348,PATCH,/api/v1/fleet/vehicles/{vehicle_id}/status,fleet,400,3.54,4.49,4.49,4.49,3.57,2.67,4.49,19,PASS
349,POST,/api/v1/fleet/maintenance,fleet,400,2.2,2.69,2.69,2.69,2.35,2.17,2.69,19,PASS
350,GET,/api/v1/fleet/vehicles/{vehicle_id}/maintenance,fleet,400,2.72,3.13,3.13,3.13,2.72,2.32,3.13,19,PASS
351,POST,/api/v1/fleet/bulk/status-update,fleet,400,2.07,2.08,2.08,2.08,2.05,2.0,2.08,19,PASS
352,POST,/api/v1/fleet/bulk/delete,fleet,400,2.34,2.76,2.76,2.76,2.48,2.34,2.76,19,PASS
353,GET,/api/v1/fleet/equipment,fleet,400,1.99,2.04,2.04,2.04,1.99,1.95,2.04,19,PASS
354,POST,/api/v1/fleet/equipment,fleet,400,1.99,1.99,1.99,1.99,1.97,1.93,1.99,19,PASS
355,GET,/api/v1/fleet/equipment/{checkout_id},fleet,400,2.06,2.07,2.07,2.07,2.06,2.05,2.07,19,PASS
356,POST,/api/v1/fleet/equipment/{checkout_id}/return,fleet,400,2.3,2.49,2.49,2.49,2.34,2.22,2.49,19,PASS
357,GET,/api/v1/fleet/vehicles/{vehicle_id}/fuel,fleet,400,2.07,2.09,2.09,2.09,2.07,2.06,2.09,19,PASS
358,POST,/api/v1/fleet/vehicles/{vehicle_id}/fuel,fleet,400,2.22,2.25,2.25,2.25,2.2,2.12,2.25,19,PASS
359,GET,/api/v1/fleet/fuel/{log_id},fleet,400,2.0,2.17,2.17,2.17,2.05,1.97,2.17,19,PASS
360,GET,/api/v1/grievance,grievance,400,2.12,2.29,2.29,2.29,2.11,1.93,2.29,19,PASS
361,POST,/api/v1/grievance,grievance,400,2.0,2.13,2.13,2.13,2.03,1.97,2.13,19,PASS
362,GET,/api/v1/grievance/feedback,grievance,400,2.51,2.75,2.75,2.75,2.5,2.26,2.75,19,PASS
363,POST,/api/v1/grievance/feedback,grievance,400,2.14,2.69,2.69,2.69,2.32,2.12,2.69,19,PASS
364,GET,/api/v1/grievance/{ticket_id},grievance,400,2.2,2.23,2.23,2.23,2.16,2.04,2.23,19,PASS
365,PUT,/api/v1/grievance/{ticket_id},grievance,400,2.19,3.13,3.13,3.13,2.48,2.11,3.13,19,PASS
366,DELETE,/api/v1/grievance/{ticket_id},grievance,400,1.87,1.92,1.92,1.92,1.87,1.83,1.92,19,PASS
367,PATCH,/api/v1/grievance/{ticket_id}/status,grievance,400,1.87,2.12,2.12,2.12,1.91,1.75,2.12,19,PASS
368,POST,/api/v1/grievance/{ticket_id}/assign,grievance,400,1.96,2.0,2.0,2.0,1.96,1.91,2.0,19,PASS
369,POST,/api/v1/grievance/{ticket_id}/escalate,grievance,400,1.98,3.47,3.47,3.47,2.46,1.94,3.47,19,PASS
370,GET,/api/v1/grievance/{ticket_id}/comments,grievance,400,2.37,2.93,2.93,2.93,2.44,2.01,2.93,19,PASS
371,POST,/api/v1/grievance/{ticket_id}/comments,grievance,400,2.17,2.3,2.3,2.3,2.21,2.14,2.3,19,PASS
372,DELETE,/api/v1/grievance/feedback/{feedback_id},grievance,400,2.48,2.81,2.81,2.81,2.45,2.06,2.81,19,PASS
373,POST,/api/v1/grievance/bulk/delete,grievance,400,2.4,2.45,2.45,2.45,2.3,2.05,2.45,19,PASS
374,POST,/api/v1/grievance/bulk/status,grievance,400,2.22,2.23,2.23,2.23,2.16,2.04,2.23,19,PASS
375,POST,/api/v1/grievance/feedback/bulk/delete,grievance,400,1.98,1.99,1.99,1.99,1.97,1.95,1.99,19,PASS
376,GET,/api/v1/notifications,notifications,400,2.15,2.58,2.58,2.58,2.27,2.07,2.58,19,PASS
377,GET,/api/v1/notifications/unread-count,notifications,400,2.87,2.98,2.98,2.98,2.71,2.29,2.98,19,PASS
378,PUT,/api/v1/notifications/{notification_id}/read,notifications,400,2.07,2.16,2.16,2.16,2.09,2.04,2.16,19,PASS
379,PUT,/api/v1/notifications/read-all,notifications,400,2.09,2.83,2.83,2.83,2.33,2.08,2.83,19,PASS
380,DELETE,/api/v1/notifications/{notification_id},notifications,400,2.12,2.53,2.53,2.53,2.23,2.04,2.53,19,PASS
381,POST,/api/v1/notifications/bulk/delete,notifications,400,2.09,2.1,2.1,2.1,2.07,2.03,2.1,19,PASS
382,POST,/api/v1/notifications/send,notifications,400,2.19,2.69,2.69,2.69,2.31,2.05,2.69,19,PASS
383,GET,/api/v1/notifications/preferences,notifications,400,1.95,1.98,1.98,1.98,1.93,1.85,1.98,19,PASS
384,PUT,/api/v1/notifications/preferences,notifications,400,2.12,2.33,2.33,2.33,2.18,2.1,2.33,19,PASS
385,POST,/api/v1/notifications/broadcast,notifications,400,1.99,2.42,2.42,2.42,2.11,1.91,2.42,19,PASS
386,GET,/api/v1/settings/general,settings,400,1.8,1.95,1.95,1.95,1.84,1.79,1.95,19,PASS
387,GET,/api/v1/settings/email,settings,400,1.65,1.72,1.72,1.72,1.67,1.65,1.72,19,PASS
388,GET,/api/v1/settings/storage,settings,400,2.97,4.66,4.66,4.66,3.3,2.28,4.66,19,PASS
389,GET,/api/v1/settings/public-content,settings,400,3.88,4.11,4.11,4.11,3.74,3.24,4.11,19,PASS
390,PUT,/api/v1/settings/public-content,settings,400,4.57,5.17,5.17,5.17,4.74,4.49,5.17,19,PASS
391,GET,/api/v1/settings/system,settings,400,6.56,6.66,6.66,6.66,6.08,5.01,6.66,19,PASS
392,POST,/api/v1/settings/system,settings,400,3.79,3.9,3.9,3.9,3.81,3.73,3.9,19,PASS
393,GET,/api/v1/settings/system/{key},settings,400,2.73,2.94,2.94,2.94,2.77,2.63,2.94,19,PASS
394,PUT,/api/v1/settings/system/{key},settings,400,2.31,2.54,2.54,2.54,2.33,2.16,2.54,19,PASS
395,DELETE,/api/v1/settings/system/{setting_id},settings,400,2.23,2.27,2.27,2.27,2.24,2.22,2.27,19,PASS
396,GET,/api/v1/settings/password-policy,settings,400,2.25,2.48,2.48,2.48,2.32,2.24,2.48,19,PASS
397,PUT,/api/v1/settings/password-policy,settings,400,2.2,2.3,2.3,2.3,2.21,2.13,2.3,19,PASS
398,GET,/api/v1/settings/business-rules,settings,400,2.17,2.32,2.32,2.32,2.21,2.14,2.32,19,PASS
399,POST,/api/v1/settings/business-rules,settings,400,3.1,3.26,3.26,3.26,2.89,2.31,3.26,19,PASS
400,GET,/api/v1/settings/business-rules/{rule_key},settings,400,3.07,3.16,3.16,3.16,2.92,2.54,3.16,19,PASS
401,PUT,/api/v1/settings/business-rules/{rule_key},settings,400,2.29,3.47,3.47,3.47,2.68,2.27,3.47,19,PASS
402,DELETE,/api/v1/settings/business-rules/{rule_id},settings,400,2.06,2.18,2.18,2.18,2.09,2.02,2.18,19,PASS
403,POST,/api/v1/storage/upload-url,storage,400,2.74,3.72,3.72,3.72,2.89,2.2,3.72,19,PASS
404,PUT,/api/v1/storage/{file_id}/confirm,storage,400,2.38,2.63,2.63,2.63,2.34,2.0,2.63,19,PASS
405,GET,/api/v1/storage/{file_id}/download-url,storage,400,2.29,2.51,2.51,2.51,2.35,2.26,2.51,19,PASS
406,GET,/api/v1/storage/{file_id},storage,400,2.9,3.87,3.87,3.87,3.0,2.23,3.87,19,PASS
407,DELETE,/api/v1/storage/{file_id},storage,400,2.77,3.07,3.07,3.07,2.68,2.19,3.07,19,PASS
408,GET,/api/v1/storage,storage,400,2.13,2.19,2.19,2.19,2.14,2.1,2.19,19,PASS
409,POST,/api/v1/storage/bulk/delete,storage,400,2.14,2.16,2.16,2.16,2.12,2.05,2.16,19,PASS
410,GET,/api/v1/storage/entity/{entity_type}/{entity_id},storage,400,2.11,2.14,2.14,2.14,2.11,2.07,2.14,19,PASS
411,GET,/api/v1/finance/accounts,finance,400,2.29,2.53,2.53,2.53,2.31,2.11,2.53,19,PASS
412,POST,/api/v1/finance/accounts,finance,400,2.17,2.17,2.17,2.17,2.14,2.09,2.17,19,PASS
413,GET,/api/v1/finance/accounts/{account_id},finance,400,2.13,2.13,2.13,2.13,2.11,2.06,2.13,19,PASS
414,PUT,/api/v1/finance/accounts/{account_id},finance,400,2.19,3.46,3.46,3.46,2.6,2.14,3.46,19,PASS
415,DELETE,/api/v1/finance/accounts/{account_id},finance,400,3.09,3.31,3.31,3.31,3.02,2.64,3.31,19,PASS
416,GET,/api/v1/finance/transactions,finance,400,2.67,2.8,2.8,2.8,2.64,2.45,2.8,19,PASS
417,POST,/api/v1/finance/transactions,finance,400,2.75,2.84,2.84,2.84,2.74,2.61,2.84,19,PASS
418,GET,/api/v1/finance/transactions/{tx_id},finance,400,2.66,2.66,2.66,2.66,2.59,2.44,2.66,19,PASS
419,DELETE,/api/v1/finance/transactions/{tx_id},finance,400,2.58,3.97,3.97,3.97,2.92,2.21,3.97,19,PASS
420,PATCH,/api/v1/finance/transactions/{tx_id}/status,finance,400,3.65,4.07,4.07,4.07,3.71,3.39,4.07,19,PASS
421,GET,/api/v1/finance/summary,finance,400,3.01,3.18,3.18,3.18,2.92,2.57,3.18,19,PASS
422,GET,/api/v1/finance/pnl,finance,400,2.18,2.28,2.28,2.28,2.2,2.13,2.28,19,PASS
423,GET,/api/v1/finance/account-balances,finance,400,2.37,2.67,2.67,2.67,2.43,2.26,2.67,19,PASS
424,POST,/api/v1/finance/reconcile/donations,finance,400,2.07,2.35,2.35,2.35,2.16,2.06,2.35,19,PASS
425,GET,/api/v1/finance/reconcile/summary,finance,400,2.08,2.25,2.25,2.25,2.08,1.92,2.25,19,PASS
426,GET,/api/v1/finance/budgets,finance,400,2.13,2.65,2.65,2.65,2.24,1.95,2.65,19,PASS
427,POST,/api/v1/finance/budgets,finance,400,2.69,3.01,3.01,3.01,2.67,2.3,3.01,19,PASS
428,GET,/api/v1/finance/budgets/{budget_id},finance,400,2.13,2.55,2.55,2.55,2.26,2.12,2.55,19,PASS
429,DELETE,/api/v1/finance/budgets/{budget_id},finance,400,2.04,2.1,2.1,2.1,2.04,1.99,2.1,19,PASS
430,POST,/api/v1/finance/budgets/{budget_id}/items,finance,400,2.38,2.54,2.54,2.54,2.39,2.24,2.54,19,PASS
431,GET,/api/v1/finance/recurring,finance,400,2.43,2.86,2.86,2.86,2.46,2.08,2.86,19,PASS
432,POST,/api/v1/finance/recurring,finance,400,3.02,3.34,3.34,3.34,3.02,2.71,3.34,19,PASS
433,DELETE,/api/v1/finance/recurring/{rtx_id},finance,400,2.66,3.67,3.67,3.67,2.93,2.45,3.67,19,PASS
434,POST,/api/v1/finance/accounts/bulk/delete,finance,400,2.23,2.61,2.61,2.61,2.34,2.2,2.61,19,PASS
435,POST,/api/v1/finance/transactions/bulk/delete,finance,400,2.08,2.09,2.09,2.09,2.06,2.0,2.09,19,PASS
436,POST,/api/v1/reports/generate,reports,400,2.52,3.0,3.0,3.0,2.57,2.19,3.0,19,PASS
437,GET,/api/v1/reports/types,reports,400,2.09,2.17,2.17,2.17,2.11,2.07,2.17,19,PASS
438,GET,/api/v1/reports/formats,reports,400,2.29,2.62,2.62,2.62,2.38,2.24,2.62,19,PASS
439,GET,/api/v1/reports/download/{filename},reports,400,2.53,2.58,2.58,2.58,2.49,2.36,2.58,19,PASS
440,GET,/health,common,400,2.09,2.1,2.1,2.1,2.09,2.08,2.1,19,PASS
441,GET,/live,common,400,2.61,2.65,2.65,2.65,2.49,2.22,2.65,19,PASS
442,GET,/ready,common,400,2.24,2.37,2.37,2.37,2.26,2.16,2.37,19,PASS
