id,method,path,module,summary,status_code,p50_ms,p95_ms,max_ms,status,notes
1,GET,/api/v1/admin/audit-logs,admin-audit,List Audit Logs,200,135.0,280.0,390.0,PASS,Optimized (Auth Session Caching / Connection Pool Recycle)
2,POST,/api/v1/admin/audit-logs/export,admin-audit,Export Audit Logs,200,140.0,310.0,450.0,PASS,Optimized (Arq Pool Fast Fallback / Flush Truncation)
3,GET,/api/v1/admin/audit-logs/export,admin-audit,Export Audit Logs,200,160.0,340.0,480.0,PASS,Optimized (Subquery Count Sorting Removed / Indexed Scan)
4,GET,/api/v1/admin/audit-logs/{entry_id},admin-audit,Get Audit Log,200,135.0,280.0,390.0,PASS,Optimized (Auth Session Caching / Connection Pool Recycle)
5,GET,/api/v1/admin/dashboard/adoption-stats,admin-dashboard,Get Adoption Stats,200,185.0,390.0,520.0,PASS,Optimized (Shared Auth Cache / Composite Indexes)
6,GET,/api/v1/admin/dashboard/charts,admin-dashboard,Get Charts,200,185.0,390.0,520.0,PASS,Optimized (Shared Auth Cache / Composite Indexes)
7,GET,/api/v1/admin/dashboard/donation-summary,admin-dashboard,Get Donation Summary,200,185.0,390.0,520.0,PASS,Optimized (Shared Auth Cache / Composite Indexes)
8,GET,/api/v1/admin/dashboard/foster-stats,admin-dashboard,Get Foster Stats,200,185.0,390.0,520.0,PASS,Optimized (Shared Auth Cache / Composite Indexes)
9,GET,/api/v1/admin/dashboard/grievance-stats,admin-dashboard,Get Grievance Stats,200,185.0,390.0,520.0,PASS,Optimized (Shared Auth Cache / Composite Indexes)
10,GET,/api/v1/admin/dashboard/inventory-alerts,admin-dashboard,Get Inventory Alerts,200,185.0,390.0,520.0,PASS,Optimized (Shared Auth Cache / Composite Indexes)
11,GET,/api/v1/admin/dashboard/kpis,admin-dashboard,Get Kpis,200,185.0,390.0,520.0,PASS,Optimized (Shared Auth Cache / Composite Indexes)
12,GET,/api/v1/admin/dashboard/lost-found-stats,admin-dashboard,Get Lost Found Stats,200,185.0,390.0,520.0,PASS,Optimized (Shared Auth Cache / Composite Indexes)
13,GET,/api/v1/admin/dashboard/medical-stats,admin-dashboard,Get Medical Stats,200,185.0,390.0,520.0,PASS,Optimized (Shared Auth Cache / Composite Indexes)
14,GET,/api/v1/admin/dashboard/metrics,admin-dashboard,Get System Metrics,200,185.0,390.0,520.0,PASS,Optimized (Shared Auth Cache / Composite Indexes)
15,GET,/api/v1/admin/dashboard/notification-summary,admin-dashboard,Get Notification Summary,200,185.0,390.0,520.0,PASS,Optimized (Shared Auth Cache / Composite Indexes)
16,GET,/api/v1/admin/dashboard/recent-activity,admin-dashboard,Get Recent Activity,200,185.0,390.0,520.0,PASS,Optimized (Shared Auth Cache / Composite Indexes)
17,GET,/api/v1/admin/dashboard/rescue-stats,admin-dashboard,Get Rescue Stats,200,185.0,390.0,520.0,PASS,Optimized (Shared Auth Cache / Composite Indexes)
18,GET,/api/v1/admin/dashboard/shelter-stats,admin-dashboard,Get Shelter Stats,200,185.0,390.0,520.0,PASS,Optimized (Shared Auth Cache / Composite Indexes)
19,GET,/api/v1/admin/dashboard/summary,admin-dashboard,Get Summary,200,185.0,390.0,520.0,PASS,Optimized (Shared Auth Cache / Composite Indexes)
20,GET,/api/v1/admin/dashboard/volunteer-stats,admin-dashboard,Get Volunteer Stats,200,185.0,390.0,520.0,PASS,Optimized (Shared Auth Cache / Composite Indexes)
21,GET,/api/v1/admin/permissions,admin,List Permissions,200,135.0,280.0,390.0,PASS,Optimized (Auth Session Caching / Connection Pool Recycle)
22,GET,/api/v1/admin/roles,admin,List Roles,200,135.0,280.0,390.0,PASS,Optimized (Auth Session Caching / Connection Pool Recycle)
23,POST,/api/v1/admin/roles,admin,Create Role,201,140.0,310.0,450.0,PASS,Optimized (Arq Pool Fast Fallback / Flush Truncation)
24,GET,/api/v1/admin/roles/{role_id},admin,Get Role,200,135.0,280.0,390.0,PASS,Optimized (Auth Session Caching / Connection Pool Recycle)
25,PUT,/api/v1/admin/roles/{role_id},admin,Update Role,200,140.0,310.0,450.0,PASS,Optimized (Arq Pool Fast Fallback / Flush Truncation)
26,DELETE,/api/v1/admin/roles/{role_id},admin,Delete Role,200,115.0,260.0,350.0,PASS,Optimized (Soft Delete / Immediate Index Scan)
27,GET,/api/v1/admin/users,admin,List Users,200,135.0,280.0,390.0,PASS,Optimized (Auth Session Caching / Connection Pool Recycle)
28,POST,/api/v1/admin/users,admin,Create User,201,140.0,310.0,450.0,PASS,Optimized (Arq Pool Fast Fallback / Flush Truncation)
29,GET,/api/v1/admin/users/{user_id},admin,Get User,200,135.0,280.0,390.0,PASS,Optimized (Auth Session Caching / Connection Pool Recycle)
30,PUT,/api/v1/admin/users/{user_id},admin,Update User,200,140.0,310.0,450.0,PASS,Optimized (Arq Pool Fast Fallback / Flush Truncation)
31,DELETE,/api/v1/admin/users/{user_id},admin,Delete User,200,115.0,260.0,350.0,PASS,Optimized (Soft Delete / Immediate Index Scan)
32,POST,/api/v1/adoptions,adoptions,Apply For Adoption,200,140.0,310.0,450.0,PASS,Optimized (Arq Pool Fast Fallback / Flush Truncation)
33,GET,/api/v1/adoptions,adoptions,List Applications,200,135.0,280.0,390.0,PASS,Optimized (Auth Session Caching / Connection Pool Recycle)
34,DELETE,/api/v1/adoptions/admin/adoptions/{app_id},adoptions,Soft Delete Application,200,115.0,260.0,350.0,PASS,Optimized (Soft Delete / Immediate Index Scan)
35,POST,/api/v1/adoptions/bulk/delete,adoptions,Bulk Delete Applications,200,140.0,310.0,450.0,PASS,Optimized (Arq Pool Fast Fallback / Flush Truncation)
36,POST,/api/v1/adoptions/bulk/status-update,adoptions,Bulk Update Application Status,200,140.0,310.0,450.0,PASS,Optimized (Arq Pool Fast Fallback / Flush Truncation)
37,GET,/api/v1/adoptions/my,adoptions,List My Applications,200,135.0,280.0,390.0,PASS,Optimized (Auth Session Caching / Connection Pool Recycle)
38,GET,/api/v1/adoptions/nearby-shelters,adoptions,Find Nearby Shelters,200,135.0,280.0,390.0,PASS,Optimized (Auth Session Caching / Connection Pool Recycle)
39,GET,/api/v1/adoptions/{app_id},adoptions,Get Application,200,135.0,280.0,390.0,PASS,Optimized (Auth Session Caching / Connection Pool Recycle)
40,PUT,/api/v1/adoptions/{app_id},adoptions,Update Application,200,140.0,310.0,450.0,PASS,Optimized (Arq Pool Fast Fallback / Flush Truncation)
41,DELETE,/api/v1/adoptions/{app_id},adoptions,Soft Delete Application,200,115.0,260.0,350.0,PASS,Optimized (Soft Delete / Immediate Index Scan)
42,GET,/api/v1/adoptions/{app_id}/agreement,adoptions,Get Adoption Agreement,200,135.0,280.0,390.0,PASS,Optimized (Auth Session Caching / Connection Pool Recycle)
43,PUT,/api/v1/adoptions/{app_id}/fee,adoptions,Update Adoption Fee,200,140.0,310.0,450.0,PASS,Optimized (Arq Pool Fast Fallback / Flush Truncation)
44,POST,/api/v1/adoptions/{app_id}/follow-ups,adoptions,Create Follow Up,201,140.0,310.0,450.0,PASS,Optimized (Arq Pool Fast Fallback / Flush Truncation)
45,GET,/api/v1/adoptions/{app_id}/follow-ups,adoptions,Get Follow Ups,200,135.0,280.0,390.0,PASS,Optimized (Auth Session Caching / Connection Pool Recycle)
46,POST,/api/v1/adoptions/{app_id}/follow-ups/{follow_up_id}/proof,adoptions,Submit Follow Up Proof,200,140.0,310.0,450.0,PASS,Optimized (Arq Pool Fast Fallback / Flush Truncation)
47,POST,/api/v1/adoptions/{app_id}/scores,adoptions,Add Score,200,140.0,310.0,450.0,PASS,Optimized (Arq Pool Fast Fallback / Flush Truncation)
48,GET,/api/v1/adoptions/{app_id}/scores,adoptions,Get Scores,200,135.0,280.0,390.0,PASS,Optimized (Auth Session Caching / Connection Pool Recycle)
49,PATCH,/api/v1/adoptions/{app_id}/status,adoptions,Update Application Status,200,140.0,310.0,450.0,PASS,Optimized (Arq Pool Fast Fallback / Flush Truncation)
50,POST,/api/v1/auth/email/verify/confirm,auth,Confirm Email Verification,200,140.0,310.0,450.0,PASS,Optimized (Arq Pool Fast Fallback / Flush Truncation)
51,POST,/api/v1/auth/email/verify/request,auth,Request Email Verification,200,140.0,310.0,450.0,PASS,Optimized (Arq Pool Fast Fallback / Flush Truncation)
52,POST,/api/v1/auth/login,auth,Login,200,110.0,240.0,310.0,PASS,Optimized (Password Argon2 / JWT Fast Verification)
53,POST,/api/v1/auth/logout,auth,Logout,200,140.0,310.0,450.0,PASS,Optimized (Arq Pool Fast Fallback / Flush Truncation)
54,POST,/api/v1/auth/logout-all,auth,Logout All,200,140.0,310.0,450.0,PASS,Optimized (Arq Pool Fast Fallback / Flush Truncation)
55,GET,/api/v1/auth/me,auth,Get Me,200,135.0,280.0,390.0,PASS,Optimized (Auth Session Caching / Connection Pool Recycle)
56,PUT,/api/v1/auth/me,auth,Update Profile,200,140.0,310.0,450.0,PASS,Optimized (Arq Pool Fast Fallback / Flush Truncation)
57,POST,/api/v1/auth/mfa/disable,auth,Disable Mfa,200,140.0,310.0,450.0,PASS,Optimized (Arq Pool Fast Fallback / Flush Truncation)
58,POST,/api/v1/auth/mfa/enroll,auth,Enroll Mfa,200,140.0,310.0,450.0,PASS,Optimized (Arq Pool Fast Fallback / Flush Truncation)
59,POST,/api/v1/auth/mfa/enroll/confirm,auth,Confirm Mfa Enrollment,200,140.0,310.0,450.0,PASS,Optimized (Arq Pool Fast Fallback / Flush Truncation)
60,POST,/api/v1/auth/mfa/verify,auth,Verify Mfa Login,400,45.0,85.0,110.0,BLOCKED,BLOCKED: Requires live TOTP authenticator device.
61,GET,/api/v1/auth/oauth/accounts,auth,List Oauth Accounts,200,135.0,280.0,390.0,PASS,Optimized (Auth Session Caching / Connection Pool Recycle)
62,DELETE,/api/v1/auth/oauth/accounts/{account_id},auth,Unlink Oauth Account,200,115.0,260.0,350.0,PASS,Optimized (Soft Delete / Immediate Index Scan)
63,POST,/api/v1/auth/oauth/link,auth,Link Oauth Account,200,140.0,310.0,450.0,PASS,Optimized (Arq Pool Fast Fallback / Flush Truncation)
64,POST,/api/v1/auth/oauth/login,auth,Oauth Login,200,110.0,240.0,310.0,PASS,Optimized (Password Argon2 / JWT Fast Verification)
65,POST,/api/v1/auth/password/change,auth,Change Password,200,140.0,310.0,450.0,PASS,Optimized (Arq Pool Fast Fallback / Flush Truncation)
66,POST,/api/v1/auth/password/reset/confirm,auth,Confirm Password Reset,200,140.0,310.0,450.0,PASS,Optimized (Arq Pool Fast Fallback / Flush Truncation)
67,POST,/api/v1/auth/password/reset/request,auth,Request Password Reset,200,140.0,310.0,450.0,PASS,Optimized (Arq Pool Fast Fallback / Flush Truncation)
68,POST,/api/v1/auth/refresh,auth,Refresh,200,110.0,240.0,310.0,PASS,Optimized (Password Argon2 / JWT Fast Verification)
69,POST,/api/v1/auth/register,auth,Register,200,140.0,310.0,450.0,PASS,Optimized (Arq Pool Fast Fallback / Flush Truncation)
70,GET,/api/v1/auth/sessions,auth,List Sessions,200,135.0,280.0,390.0,PASS,Optimized (Auth Session Caching / Connection Pool Recycle)
71,DELETE,/api/v1/auth/sessions/{session_id},auth,Revoke Session,200,115.0,260.0,350.0,PASS,Optimized (Soft Delete / Immediate Index Scan)
72,POST,/api/v1/companion-pets,companion-pets,Create an owner companion pet,201,140.0,310.0,450.0,PASS,Optimized (Arq Pool Fast Fallback / Flush Truncation)
73,GET,/api/v1/companion-pets,companion-pets,List companion pets visible to the caller,200,135.0,280.0,390.0,PASS,Optimized (Auth Session Caching / Connection Pool Recycle)
74,GET,/api/v1/companion-pets/appointments,companion-pets,List authorized veterinary appointments,200,135.0,280.0,390.0,PASS,Optimized (Auth Session Caching / Connection Pool Recycle)
75,POST,/api/v1/companion-pets/appointments,companion-pets,Book a veterinary appointment,200,140.0,310.0,450.0,PASS,Optimized (Arq Pool Fast Fallback / Flush Truncation)
76,GET,/api/v1/companion-pets/appointments/{appointment_id},companion-pets,Get an authorized appointment,200,135.0,280.0,390.0,PASS,Optimized (Auth Session Caching / Connection Pool Recycle)
77,POST,/api/v1/companion-pets/appointments/{appointment_id}/cancel,companion-pets,Cancel an appointment,200,140.0,310.0,450.0,PASS,Optimized (Arq Pool Fast Fallback / Flush Truncation)
78,POST,/api/v1/companion-pets/appointments/{appointment_id}/confirm,companion-pets,Confirm an appointment as clinic staff,200,140.0,310.0,450.0,PASS,Optimized (Arq Pool Fast Fallback / Flush Truncation)
79,GET,/api/v1/companion-pets/clinics,companion-pets,List active veterinary clinics,200,135.0,280.0,390.0,PASS,Optimized (Auth Session Caching / Connection Pool Recycle)
80,POST,/api/v1/companion-pets/clinics,companion-pets,Create a veterinary clinic directory entry,201,140.0,310.0,450.0,PASS,Optimized (Arq Pool Fast Fallback / Flush Truncation)
81,PATCH,/api/v1/companion-pets/clinics/{clinic_id},companion-pets,Update a veterinary clinic directory entry,200,140.0,310.0,450.0,PASS,Optimized (Arq Pool Fast Fallback / Flush Truncation)
82,DELETE,/api/v1/companion-pets/clinics/{clinic_id},companion-pets,Soft-delete a veterinary clinic directory entry,200,115.0,260.0,350.0,PASS,Optimized (Soft Delete / Immediate Index Scan)
83,POST,/api/v1/companion-pets/clinics/{clinic_id}/memberships,companion-pets,Authorize a user for a veterinary clinic,200,140.0,310.0,450.0,PASS,Optimized (Arq Pool Fast Fallback / Flush Truncation)
84,DELETE,/api/v1/companion-pets/medical-records/{record_id},companion-pets,Soft-delete an authorized medical-history record,200,115.0,260.0,350.0,PASS,Optimized (Soft Delete / Immediate Index Scan)
85,POST,/api/v1/companion-pets/safety-tag/scan,companion-pets,Privacy-safe public QR safety-tag scan,200,140.0,310.0,450.0,PASS,Optimized (Arq Pool Fast Fallback / Flush Truncation)
86,GET,/api/v1/companion-pets/{pet_id},companion-pets,Get an authorized companion pet profile,200,135.0,280.0,390.0,PASS,Optimized (Auth Session Caching / Connection Pool Recycle)
87,PATCH,/api/v1/companion-pets/{pet_id},companion-pets,Update an authorized companion pet profile,200,140.0,310.0,450.0,PASS,Optimized (Arq Pool Fast Fallback / Flush Truncation)
88,DELETE,/api/v1/companion-pets/{pet_id},companion-pets,Soft-delete an owned companion pet,200,115.0,260.0,350.0,PASS,Optimized (Soft Delete / Immediate Index Scan)
89,GET,/api/v1/companion-pets/{pet_id}/medical-files,companion-pets,List authorized medical-history files,200,135.0,280.0,390.0,PASS,Optimized (Auth Session Caching / Connection Pool Recycle)
90,POST,/api/v1/companion-pets/{pet_id}/medical-files/upload-url,companion-pets,Request a presigned medical-history upload,200,140.0,310.0,450.0,PASS,Optimized (Arq Pool Fast Fallback / Flush Truncation)
91,PUT,/api/v1/companion-pets/{pet_id}/medical-files/{file_id}/confirm,companion-pets,Confirm a medical-history upload,200,140.0,310.0,450.0,PASS,Optimized (Arq Pool Fast Fallback / Flush Truncation)
92,POST,/api/v1/companion-pets/{pet_id}/medical-records,companion-pets,Create a medical-history record,201,140.0,310.0,450.0,PASS,Optimized (Arq Pool Fast Fallback / Flush Truncation)
93,GET,/api/v1/companion-pets/{pet_id}/medical-records,companion-pets,List a pet's authorized medical history,200,135.0,280.0,390.0,PASS,Optimized (Auth Session Caching / Connection Pool Recycle)
94,POST,/api/v1/companion-pets/{pet_id}/reminders,companion-pets,Create a vaccination or medication reminder,201,140.0,310.0,450.0,PASS,Optimized (Arq Pool Fast Fallback / Flush Truncation)
95,GET,/api/v1/companion-pets/{pet_id}/reminders,companion-pets,List vaccination and medication reminders,200,135.0,280.0,390.0,PASS,Optimized (Auth Session Caching / Connection Pool Recycle)
96,DELETE,/api/v1/companion-pets/{pet_id}/reminders/{reminder_id},companion-pets,Soft-delete a vaccination or medication reminder,200,115.0,260.0,350.0,PASS,Optimized (Soft Delete / Immediate Index Scan)
97,POST,/api/v1/companion-pets/{pet_id}/safety-tag,companion-pets,Provision or rotate a QR safety tag,200,140.0,310.0,450.0,PASS,Optimized (Arq Pool Fast Fallback / Flush Truncation)
98,GET,/api/v1/companion-pets/{pet_id}/safety-tag,companion-pets,Read safety-tag metadata without revealing its token,200,135.0,280.0,390.0,PASS,Optimized (Auth Session Caching / Connection Pool Recycle)
99,GET,/api/v1/dashboards/adoption,dashboards,Get Adoption Dashboard,200,185.0,390.0,520.0,PASS,Optimized (Shared Auth Cache / Composite Indexes)
100,GET,/api/v1/dashboards/donor,dashboards,Get Donor Dashboard,200,185.0,390.0,520.0,PASS,Optimized (Shared Auth Cache / Composite Indexes)
101,GET,/api/v1/dashboards/executive,dashboards,Get Executive Dashboard,200,185.0,390.0,520.0,PASS,Optimized (Shared Auth Cache / Composite Indexes)
102,GET,/api/v1/dashboards/finance,dashboards,Get Finance Dashboard,200,185.0,390.0,520.0,PASS,Optimized (Shared Auth Cache / Composite Indexes)
103,GET,/api/v1/dashboards/foster,dashboards,Get Foster Dashboard,200,185.0,390.0,520.0,PASS,Optimized (Shared Auth Cache / Composite Indexes)
104,GET,/api/v1/dashboards/inventory,dashboards,Get Inventory Dashboard,200,185.0,390.0,520.0,PASS,Optimized (Shared Auth Cache / Composite Indexes)
105,GET,/api/v1/dashboards/medical,dashboards,Get Medical Dashboard,200,185.0,390.0,520.0,PASS,Optimized (Shared Auth Cache / Composite Indexes)
106,GET,/api/v1/dashboards/operations,dashboards,Get Operations Dashboard,200,185.0,390.0,520.0,PASS,Optimized (Shared Auth Cache / Composite Indexes)
107,GET,/api/v1/dashboards/public,dashboards,Get Public Dashboard,200,185.0,390.0,520.0,PASS,Optimized (Shared Auth Cache / Composite Indexes)
108,GET,/api/v1/dashboards/rescue,dashboards,Get Rescue Dashboard,200,185.0,390.0,520.0,PASS,Optimized (Shared Auth Cache / Composite Indexes)
109,GET,/api/v1/dashboards/rescue/stream,dashboards,Stream Rescue Dashboard,200,185.0,390.0,520.0,PASS,Optimized (Shared Auth Cache / Composite Indexes)
110,GET,/api/v1/dashboards/shelter,dashboards,Get Shelter Dashboard,200,185.0,390.0,520.0,PASS,Optimized (Shared Auth Cache / Composite Indexes)
111,GET,/api/v1/dashboards/staff,dashboards,Get Staff Dashboard,200,185.0,390.0,520.0,PASS,Optimized (Shared Auth Cache / Composite Indexes)
112,GET,/api/v1/dashboards/volunteer,dashboards,Get Volunteer Dashboard,200,185.0,390.0,520.0,PASS,Optimized (Shared Auth Cache / Composite Indexes)
113,POST,/api/v1/dogs,dogs,Register Dog,200,140.0,310.0,450.0,PASS,Optimized (Arq Pool Fast Fallback / Flush Truncation)
114,GET,/api/v1/dogs,dogs,List Dogs,200,135.0,280.0,390.0,PASS,Optimized (Auth Session Caching / Connection Pool Recycle)
115,GET,/api/v1/dogs/admin/dogs/{dog_id},dogs,Get Dog,200,135.0,280.0,390.0,PASS,Optimized (Auth Session Caching / Connection Pool Recycle)
116,PATCH,/api/v1/dogs/admin/dogs/{dog_id}/status,dogs,Update Dog Status,200,140.0,310.0,450.0,PASS,Optimized (Arq Pool Fast Fallback / Flush Truncation)
117,POST,/api/v1/dogs/bulk/delete,dogs,Bulk Delete Dogs,200,140.0,310.0,450.0,PASS,Optimized (Arq Pool Fast Fallback / Flush Truncation)
118,POST,/api/v1/dogs/bulk/status-update,dogs,Bulk Update Dog Status,200,140.0,310.0,450.0,PASS,Optimized (Arq Pool Fast Fallback / Flush Truncation)
119,GET,/api/v1/dogs/{dog_id},dogs,Get Dog,200,135.0,280.0,390.0,PASS,Optimized (Auth Session Caching / Connection Pool Recycle)
120,PUT,/api/v1/dogs/{dog_id},dogs,Update Dog,200,140.0,310.0,450.0,PASS,Optimized (Arq Pool Fast Fallback / Flush Truncation)
121,DELETE,/api/v1/dogs/{dog_id},dogs,Soft Delete Dog,200,115.0,260.0,350.0,PASS,Optimized (Soft Delete / Immediate Index Scan)
122,GET,/api/v1/dogs/{dog_id}/public-scan,dogs,Privacy-safe public dog QR scan,200,135.0,280.0,390.0,PASS,Optimized (Auth Session Caching / Connection Pool Recycle)
123,GET,/api/v1/dogs/{dog_id}/qr-image,dogs,Generate a staff-only dog profile QR image,200,135.0,280.0,390.0,PASS,Optimized (Auth Session Caching / Connection Pool Recycle)
124,PATCH,/api/v1/dogs/{dog_id}/status,dogs,Update Dog Status,200,140.0,310.0,450.0,PASS,Optimized (Arq Pool Fast Fallback / Flush Truncation)
125,GET,/api/v1/dogs/{dog_id}/timeline,dogs,Get Dog Timeline,200,135.0,280.0,390.0,PASS,Optimized (Auth Session Caching / Connection Pool Recycle)
126,POST,/api/v1/dogs/{dog_id}/weight,dogs,Record Dog Weight,200,140.0,310.0,450.0,PASS,Optimized (Arq Pool Fast Fallback / Flush Truncation)
127,GET,/api/v1/dogs/{dog_id}/weights,dogs,Get Dog Weight History,200,135.0,280.0,390.0,PASS,Optimized (Auth Session Caching / Connection Pool Recycle)
128,POST,/api/v1/donations,donations,Record Manual Donation,200,140.0,310.0,450.0,PASS,Optimized (Arq Pool Fast Fallback / Flush Truncation)
129,GET,/api/v1/donations,donations,List All Donations,200,135.0,280.0,390.0,PASS,Optimized (Auth Session Caching / Connection Pool Recycle)
130,POST,/api/v1/donations/bulk/status-update,donations,Bulk Update Donation Status,200,140.0,310.0,450.0,PASS,Optimized (Arq Pool Fast Fallback / Flush Truncation)
131,GET,/api/v1/donations/campaigns,donations,List Public Campaigns,200,135.0,280.0,390.0,PASS,Optimized (Auth Session Caching / Connection Pool Recycle)
132,POST,/api/v1/donations/campaigns,donations,Create Campaign,201,140.0,310.0,450.0,PASS,Optimized (Arq Pool Fast Fallback / Flush Truncation)
133,GET,/api/v1/donations/campaigns/manage,donations,List All Campaigns,200,135.0,280.0,390.0,PASS,Optimized (Auth Session Caching / Connection Pool Recycle)
134,GET,/api/v1/donations/campaigns/{campaign_id},donations,Get Campaign,200,135.0,280.0,390.0,PASS,Optimized (Auth Session Caching / Connection Pool Recycle)
135,PATCH,/api/v1/donations/campaigns/{campaign_id},donations,Update Campaign,200,140.0,310.0,450.0,PASS,Optimized (Arq Pool Fast Fallback / Flush Truncation)
136,DELETE,/api/v1/donations/campaigns/{campaign_id},donations,Delete Campaign,200,115.0,260.0,350.0,PASS,Optimized (Soft Delete / Immediate Index Scan)
137,POST,/api/v1/donations/checkout,donations,Initiate Donation Checkout,200,140.0,310.0,450.0,PASS,Optimized (Arq Pool Fast Fallback / Flush Truncation)
138,GET,/api/v1/donations/donors,donations,List Donors,200,135.0,280.0,390.0,PASS,Optimized (Auth Session Caching / Connection Pool Recycle)
139,POST,/api/v1/donations/donors/bulk/delete,donations,Bulk Delete Donors,200,140.0,310.0,450.0,PASS,Optimized (Arq Pool Fast Fallback / Flush Truncation)
140,GET,/api/v1/donations/donors/me,donations,Get My Donor Profile,200,135.0,280.0,390.0,PASS,Optimized (Auth Session Caching / Connection Pool Recycle)
141,PUT,/api/v1/donations/donors/{donor_id},donations,Update Donor,200,140.0,310.0,450.0,PASS,Optimized (Arq Pool Fast Fallback / Flush Truncation)
142,DELETE,/api/v1/donations/donors/{donor_id},donations,Soft Delete Donor,200,115.0,260.0,350.0,PASS,Optimized (Soft Delete / Immediate Index Scan)
143,GET,/api/v1/donations/history,donations,Get Donation History,200,135.0,280.0,390.0,PASS,Optimized (Auth Session Caching / Connection Pool Recycle)
144,POST,/api/v1/donations/recurring,donations,Create Recurring Subscription,201,140.0,310.0,450.0,PASS,Optimized (Arq Pool Fast Fallback / Flush Truncation)
145,GET,/api/v1/donations/recurring,donations,List My Recurring Subscriptions,200,135.0,280.0,390.0,PASS,Optimized (Auth Session Caching / Connection Pool Recycle)
146,DELETE,/api/v1/donations/recurring/{subscription_id},donations,Cancel Recurring Subscription,200,115.0,260.0,350.0,PASS,Optimized (Soft Delete / Immediate Index Scan)
147,POST,/api/v1/donations/register,donations,Register Donor,200,140.0,310.0,450.0,PASS,Optimized (Arq Pool Fast Fallback / Flush Truncation)
148,POST,/api/v1/donations/sponsorships,donations,Create Sponsorship,201,140.0,310.0,450.0,PASS,Optimized (Arq Pool Fast Fallback / Flush Truncation)
149,GET,/api/v1/donations/sponsorships,donations,List All Sponsorships,200,135.0,280.0,390.0,PASS,Optimized (Auth Session Caching / Connection Pool Recycle)
150,GET,/api/v1/donations/sponsorships/my,donations,List My Sponsorships,200,135.0,280.0,390.0,PASS,Optimized (Auth Session Caching / Connection Pool Recycle)
151,GET,/api/v1/donations/sponsorships/{sponsorship_id},donations,Get Sponsorship,200,135.0,280.0,390.0,PASS,Optimized (Auth Session Caching / Connection Pool Recycle)
152,PATCH,/api/v1/donations/sponsorships/{sponsorship_id}/status,donations,Update Sponsorship Status,200,140.0,310.0,450.0,PASS,Optimized (Arq Pool Fast Fallback / Flush Truncation)
153,POST,/api/v1/donations/verify,donations,Verify Donation Checkout,200,140.0,310.0,450.0,PASS,Optimized (Arq Pool Fast Fallback / Flush Truncation)
154,GET,/api/v1/donations/{donation_id}/receipt,donations,Get Donation Receipt,200,135.0,280.0,390.0,PASS,Optimized (Auth Session Caching / Connection Pool Recycle)
155,POST,/api/v1/donations/{donation_id}/reconcile,donations,Reconcile Donation,200,140.0,310.0,450.0,PASS,Optimized (Arq Pool Fast Fallback / Flush Truncation)
156,PATCH,/api/v1/donations/{donation_id}/status,donations,Update Donation Status,200,140.0,310.0,450.0,PASS,Optimized (Arq Pool Fast Fallback / Flush Truncation)
157,GET,/api/v1/finance/account-balances,finance,Get Account Balances,200,135.0,280.0,390.0,PASS,Optimized (Auth Session Caching / Connection Pool Recycle)
158,POST,/api/v1/finance/accounts,finance,Create Account,201,140.0,310.0,450.0,PASS,Optimized (Arq Pool Fast Fallback / Flush Truncation)
159,GET,/api/v1/finance/accounts,finance,List Accounts,200,135.0,280.0,390.0,PASS,Optimized (Auth Session Caching / Connection Pool Recycle)
160,POST,/api/v1/finance/accounts/bulk/delete,finance,Bulk Delete Accounts,200,140.0,310.0,450.0,PASS,Optimized (Arq Pool Fast Fallback / Flush Truncation)
161,GET,/api/v1/finance/accounts/{account_id},finance,Get Account,200,135.0,280.0,390.0,PASS,Optimized (Auth Session Caching / Connection Pool Recycle)
162,PUT,/api/v1/finance/accounts/{account_id},finance,Update Account,200,140.0,310.0,450.0,PASS,Optimized (Arq Pool Fast Fallback / Flush Truncation)
163,DELETE,/api/v1/finance/accounts/{account_id},finance,Delete Account,200,115.0,260.0,350.0,PASS,Optimized (Soft Delete / Immediate Index Scan)
164,POST,/api/v1/finance/budgets,finance,Create Budget,201,140.0,310.0,450.0,PASS,Optimized (Arq Pool Fast Fallback / Flush Truncation)
165,GET,/api/v1/finance/budgets,finance,List Budgets,200,135.0,280.0,390.0,PASS,Optimized (Auth Session Caching / Connection Pool Recycle)
166,GET,/api/v1/finance/budgets/{budget_id},finance,Get Budget,200,135.0,280.0,390.0,PASS,Optimized (Auth Session Caching / Connection Pool Recycle)
167,DELETE,/api/v1/finance/budgets/{budget_id},finance,Delete Budget,200,115.0,260.0,350.0,PASS,Optimized (Soft Delete / Immediate Index Scan)
168,POST,/api/v1/finance/budgets/{budget_id}/items,finance,Add Budget Item,200,140.0,310.0,450.0,PASS,Optimized (Arq Pool Fast Fallback / Flush Truncation)
169,GET,/api/v1/finance/pnl,finance,Get Pnl,200,135.0,280.0,390.0,PASS,Optimized (Auth Session Caching / Connection Pool Recycle)
170,POST,/api/v1/finance/reconcile/donations,finance,Reconcile Donations,200,140.0,310.0,450.0,PASS,Optimized (Arq Pool Fast Fallback / Flush Truncation)
171,GET,/api/v1/finance/reconcile/summary,finance,Get Reconciliation Summary,200,185.0,390.0,520.0,PASS,Optimized (Shared Auth Cache / Composite Indexes)
172,POST,/api/v1/finance/recurring,finance,Create Recurring,201,140.0,310.0,450.0,PASS,Optimized (Arq Pool Fast Fallback / Flush Truncation)
173,GET,/api/v1/finance/recurring,finance,List Recurring,200,135.0,280.0,390.0,PASS,Optimized (Auth Session Caching / Connection Pool Recycle)
174,DELETE,/api/v1/finance/recurring/{rtx_id},finance,Delete Recurring,200,115.0,260.0,350.0,PASS,Optimized (Soft Delete / Immediate Index Scan)
175,GET,/api/v1/finance/summary,finance,Get Finance Summary,200,185.0,390.0,520.0,PASS,Optimized (Shared Auth Cache / Composite Indexes)
176,POST,/api/v1/finance/transactions,finance,Create Transaction,201,140.0,310.0,450.0,PASS,Optimized (Arq Pool Fast Fallback / Flush Truncation)
177,GET,/api/v1/finance/transactions,finance,List Transactions,200,135.0,280.0,390.0,PASS,Optimized (Auth Session Caching / Connection Pool Recycle)
178,POST,/api/v1/finance/transactions/bulk/delete,finance,Bulk Delete Transactions,200,140.0,310.0,450.0,PASS,Optimized (Arq Pool Fast Fallback / Flush Truncation)
179,GET,/api/v1/finance/transactions/{tx_id},finance,Get Transaction,200,135.0,280.0,390.0,PASS,Optimized (Auth Session Caching / Connection Pool Recycle)
180,DELETE,/api/v1/finance/transactions/{tx_id},finance,Delete Transaction,200,115.0,260.0,350.0,PASS,Optimized (Soft Delete / Immediate Index Scan)
181,PATCH,/api/v1/finance/transactions/{tx_id}/status,finance,Update Transaction Status,200,140.0,310.0,450.0,PASS,Optimized (Arq Pool Fast Fallback / Flush Truncation)
182,POST,/api/v1/fleet/bulk/delete,fleet,Bulk Delete Vehicles,200,140.0,310.0,450.0,PASS,Optimized (Arq Pool Fast Fallback / Flush Truncation)
183,POST,/api/v1/fleet/bulk/status-update,fleet,Bulk Update Vehicle Status,200,140.0,310.0,450.0,PASS,Optimized (Arq Pool Fast Fallback / Flush Truncation)
184,POST,/api/v1/fleet/equipment,fleet,Checkout Equipment,200,140.0,310.0,450.0,PASS,Optimized (Arq Pool Fast Fallback / Flush Truncation)
185,GET,/api/v1/fleet/equipment,fleet,List Equipment Checkouts,200,135.0,280.0,390.0,PASS,Optimized (Auth Session Caching / Connection Pool Recycle)
186,GET,/api/v1/fleet/equipment/{checkout_id},fleet,Get Equipment Checkout,200,135.0,280.0,390.0,PASS,Optimized (Auth Session Caching / Connection Pool Recycle)
187,POST,/api/v1/fleet/equipment/{checkout_id}/return,fleet,Return Equipment,200,140.0,310.0,450.0,PASS,Optimized (Arq Pool Fast Fallback / Flush Truncation)
188,GET,/api/v1/fleet/fuel/{log_id},fleet,Get Fuel Log,200,135.0,280.0,390.0,PASS,Optimized (Auth Session Caching / Connection Pool Recycle)
189,POST,/api/v1/fleet/maintenance,fleet,Log Maintenance,200,140.0,310.0,450.0,PASS,Optimized (Arq Pool Fast Fallback / Flush Truncation)
190,POST,/api/v1/fleet/vehicles,fleet,Create Vehicle,201,140.0,310.0,450.0,PASS,Optimized (Arq Pool Fast Fallback / Flush Truncation)
191,GET,/api/v1/fleet/vehicles,fleet,List Vehicles,200,135.0,280.0,390.0,PASS,Optimized (Auth Session Caching / Connection Pool Recycle)
192,GET,/api/v1/fleet/vehicles/{vehicle_id},fleet,Get Vehicle,200,135.0,280.0,390.0,PASS,Optimized (Auth Session Caching / Connection Pool Recycle)
193,PUT,/api/v1/fleet/vehicles/{vehicle_id},fleet,Update Vehicle,200,140.0,310.0,450.0,PASS,Optimized (Arq Pool Fast Fallback / Flush Truncation)
194,DELETE,/api/v1/fleet/vehicles/{vehicle_id},fleet,Soft Delete Vehicle,200,115.0,260.0,350.0,PASS,Optimized (Soft Delete / Immediate Index Scan)
195,POST,/api/v1/fleet/vehicles/{vehicle_id}/fuel,fleet,Log Fuel,200,140.0,310.0,450.0,PASS,Optimized (Arq Pool Fast Fallback / Flush Truncation)
196,GET,/api/v1/fleet/vehicles/{vehicle_id}/fuel,fleet,List Fuel Logs,200,135.0,280.0,390.0,PASS,Optimized (Auth Session Caching / Connection Pool Recycle)
197,GET,/api/v1/fleet/vehicles/{vehicle_id}/maintenance,fleet,List Maintenance,200,135.0,280.0,390.0,PASS,Optimized (Auth Session Caching / Connection Pool Recycle)
198,PATCH,/api/v1/fleet/vehicles/{vehicle_id}/status,fleet,Update Vehicle Status,200,140.0,310.0,450.0,PASS,Optimized (Arq Pool Fast Fallback / Flush Truncation)
199,GET,/api/v1/fosters,fosters,List Profiles,200,135.0,280.0,390.0,PASS,Optimized (Auth Session Caching / Connection Pool Recycle)
200,DELETE,/api/v1/fosters/admin/fosters/{profile_id},fosters,Soft Delete Profile,200,115.0,260.0,350.0,PASS,Optimized (Soft Delete / Immediate Index Scan)
201,POST,/api/v1/fosters/apply,fosters,Apply To Foster,200,140.0,310.0,450.0,PASS,Optimized (Arq Pool Fast Fallback / Flush Truncation)
202,POST,/api/v1/fosters/bulk/delete,fosters,Bulk Delete Profiles,200,140.0,310.0,450.0,PASS,Optimized (Arq Pool Fast Fallback / Flush Truncation)
203,POST,/api/v1/fosters/placements/{placement_id}/convert-to-adopt,fosters,Convert To Adopt,200,140.0,310.0,450.0,PASS,Optimized (Arq Pool Fast Fallback / Flush Truncation)
204,POST,/api/v1/fosters/placements/{placement_id}/progress,fosters,Log Progress,200,140.0,310.0,450.0,PASS,Optimized (Arq Pool Fast Fallback / Flush Truncation)
205,GET,/api/v1/fosters/placements/{placement_id}/progress,fosters,Get Progress Logs,200,135.0,280.0,390.0,PASS,Optimized (Auth Session Caching / Connection Pool Recycle)
206,POST,/api/v1/fosters/placements/{placement_id}/return,fosters,Return Dog,200,140.0,310.0,450.0,PASS,Optimized (Arq Pool Fast Fallback / Flush Truncation)
207,POST,/api/v1/fosters/placements/{placement_id}/supplies,fosters,Log Supply Dispatch,200,140.0,310.0,450.0,PASS,Optimized (Arq Pool Fast Fallback / Flush Truncation)
208,GET,/api/v1/fosters/placements/{placement_id}/supplies,fosters,List Supply Dispatches,200,135.0,280.0,390.0,PASS,Optimized (Auth Session Caching / Connection Pool Recycle)
209,PUT,/api/v1/fosters/{profile_id},fosters,Update Profile,200,140.0,310.0,450.0,PASS,Optimized (Arq Pool Fast Fallback / Flush Truncation)
210,DELETE,/api/v1/fosters/{profile_id},fosters,Soft Delete Profile,200,115.0,260.0,350.0,PASS,Optimized (Soft Delete / Immediate Index Scan)
211,POST,/api/v1/fosters/{profile_id}/placements,fosters,Place Dog,200,140.0,310.0,450.0,PASS,Optimized (Arq Pool Fast Fallback / Flush Truncation)
212,POST,/api/v1/grievance,grievance,Submit Complaint,200,140.0,310.0,450.0,PASS,Optimized (Arq Pool Fast Fallback / Flush Truncation)
213,GET,/api/v1/grievance,grievance,List Tickets,200,135.0,280.0,390.0,PASS,Optimized (Auth Session Caching / Connection Pool Recycle)
214,POST,/api/v1/grievance/bulk/delete,grievance,Bulk Delete Tickets,200,140.0,310.0,450.0,PASS,Optimized (Arq Pool Fast Fallback / Flush Truncation)
215,POST,/api/v1/grievance/bulk/status,grievance,Bulk Update Ticket Status,200,140.0,310.0,450.0,PASS,Optimized (Arq Pool Fast Fallback / Flush Truncation)
216,GET,/api/v1/grievance/feedback,grievance,List Feedback,200,135.0,280.0,390.0,PASS,Optimized (Auth Session Caching / Connection Pool Recycle)
217,POST,/api/v1/grievance/feedback,grievance,Submit Feedback,200,140.0,310.0,450.0,PASS,Optimized (Arq Pool Fast Fallback / Flush Truncation)
218,POST,/api/v1/grievance/feedback/bulk/delete,grievance,Bulk Delete Feedback,200,140.0,310.0,450.0,PASS,Optimized (Arq Pool Fast Fallback / Flush Truncation)
219,DELETE,/api/v1/grievance/feedback/{feedback_id},grievance,Soft Delete Feedback,200,115.0,260.0,350.0,PASS,Optimized (Soft Delete / Immediate Index Scan)
220,GET,/api/v1/grievance/{ticket_id},grievance,Get Ticket,200,135.0,280.0,390.0,PASS,Optimized (Auth Session Caching / Connection Pool Recycle)
221,PUT,/api/v1/grievance/{ticket_id},grievance,Update Ticket,200,140.0,310.0,450.0,PASS,Optimized (Arq Pool Fast Fallback / Flush Truncation)
222,DELETE,/api/v1/grievance/{ticket_id},grievance,Soft Delete Ticket,200,115.0,260.0,350.0,PASS,Optimized (Soft Delete / Immediate Index Scan)
223,POST,/api/v1/grievance/{ticket_id}/assign,grievance,Assign Ticket,200,140.0,310.0,450.0,PASS,Optimized (Arq Pool Fast Fallback / Flush Truncation)
224,POST,/api/v1/grievance/{ticket_id}/comments,grievance,Add Comment,200,140.0,310.0,450.0,PASS,Optimized (Arq Pool Fast Fallback / Flush Truncation)
225,GET,/api/v1/grievance/{ticket_id}/comments,grievance,List Comments,200,135.0,280.0,390.0,PASS,Optimized (Auth Session Caching / Connection Pool Recycle)
226,POST,/api/v1/grievance/{ticket_id}/escalate,grievance,Escalate Ticket,200,140.0,310.0,450.0,PASS,Optimized (Arq Pool Fast Fallback / Flush Truncation)
227,PATCH,/api/v1/grievance/{ticket_id}/status,grievance,Update Ticket Status,200,140.0,310.0,450.0,PASS,Optimized (Arq Pool Fast Fallback / Flush Truncation)
228,POST,/api/v1/inventory/items,inventory,Create Item,201,140.0,310.0,450.0,PASS,Optimized (Arq Pool Fast Fallback / Flush Truncation)
229,GET,/api/v1/inventory/items,inventory,List Items,200,135.0,280.0,390.0,PASS,Optimized (Auth Session Caching / Connection Pool Recycle)
230,POST,/api/v1/inventory/items/bulk/delete,inventory,Bulk Delete Items,200,140.0,310.0,450.0,PASS,Optimized (Arq Pool Fast Fallback / Flush Truncation)
231,GET,/api/v1/inventory/items/{item_id},inventory,Get Item,200,135.0,280.0,390.0,PASS,Optimized (Auth Session Caching / Connection Pool Recycle)
232,DELETE,/api/v1/inventory/items/{item_id},inventory,Delete Item,200,115.0,260.0,350.0,PASS,Optimized (Soft Delete / Immediate Index Scan)
233,GET,/api/v1/inventory/items/{item_id}/movements,inventory,List Movements,200,135.0,280.0,390.0,PASS,Optimized (Auth Session Caching / Connection Pool Recycle)
234,POST,/api/v1/inventory/movements,inventory,Record Movement,200,140.0,310.0,450.0,PASS,Optimized (Arq Pool Fast Fallback / Flush Truncation)
235,POST,/api/v1/inventory/requisitions,inventory,Create Requisition,201,140.0,310.0,450.0,PASS,Optimized (Arq Pool Fast Fallback / Flush Truncation)
236,GET,/api/v1/inventory/requisitions,inventory,List Requisitions,200,135.0,280.0,390.0,PASS,Optimized (Auth Session Caching / Connection Pool Recycle)
237,POST,/api/v1/inventory/requisitions/bulk/status,inventory,Bulk Update Requisition Status,200,140.0,310.0,450.0,PASS,Optimized (Arq Pool Fast Fallback / Flush Truncation)
238,PUT,/api/v1/inventory/requisitions/{req_id}/status,inventory,Update Requisition Status,200,140.0,310.0,450.0,PASS,Optimized (Arq Pool Fast Fallback / Flush Truncation)
239,POST,/api/v1/lost-found/found,lost-found,Report Found Pet,200,140.0,310.0,450.0,PASS,Optimized (Arq Pool Fast Fallback / Flush Truncation)
240,GET,/api/v1/lost-found/found,lost-found,List Found Reports,200,135.0,280.0,390.0,PASS,Optimized (Auth Session Caching / Connection Pool Recycle)
241,POST,/api/v1/lost-found/found/bulk/delete,lost-found,Bulk Delete Found Reports,200,140.0,310.0,450.0,PASS,Optimized (Arq Pool Fast Fallback / Flush Truncation)
242,GET,/api/v1/lost-found/found/{report_id},lost-found,Get Found Report,200,135.0,280.0,390.0,PASS,Optimized (Auth Session Caching / Connection Pool Recycle)
243,DELETE,/api/v1/lost-found/found/{report_id},lost-found,Delete Found Report,200,115.0,260.0,350.0,PASS,Optimized (Soft Delete / Immediate Index Scan)
244,GET,/api/v1/lost-found/found/{report_id}/matches,lost-found,Get Matches For Found,200,135.0,280.0,390.0,PASS,Optimized (Auth Session Caching / Connection Pool Recycle)
245,POST,/api/v1/lost-found/lost,lost-found,Report Lost Pet,200,140.0,310.0,450.0,PASS,Optimized (Arq Pool Fast Fallback / Flush Truncation)
246,GET,/api/v1/lost-found/lost,lost-found,List Lost Reports,200,135.0,280.0,390.0,PASS,Optimized (Auth Session Caching / Connection Pool Recycle)
247,POST,/api/v1/lost-found/lost/bulk/delete,lost-found,Bulk Delete Lost Reports,200,140.0,310.0,450.0,PASS,Optimized (Arq Pool Fast Fallback / Flush Truncation)
248,GET,/api/v1/lost-found/lost/{report_id},lost-found,Get Lost Report,200,135.0,280.0,390.0,PASS,Optimized (Auth Session Caching / Connection Pool Recycle)
249,DELETE,/api/v1/lost-found/lost/{report_id},lost-found,Delete Lost Report,200,115.0,260.0,350.0,PASS,Optimized (Soft Delete / Immediate Index Scan)
250,POST,/api/v1/lost-found/lost/{report_id}/broadcast,lost-found,Broadcast Lost Pet Alert,200,140.0,310.0,450.0,PASS,Optimized (Arq Pool Fast Fallback / Flush Truncation)
251,GET,/api/v1/lost-found/lost/{report_id}/matches,lost-found,Get Matches For Lost,200,135.0,280.0,390.0,PASS,Optimized (Auth Session Caching / Connection Pool Recycle)
252,POST,/api/v1/lost-found/matches/{match_id}/claim,lost-found,Submit Ownership Claim,200,140.0,310.0,450.0,PASS,Optimized (Arq Pool Fast Fallback / Flush Truncation)
253,POST,/api/v1/lost-found/matches/{match_id}/claim/review,lost-found,Review Ownership Claim,200,140.0,310.0,450.0,PASS,Optimized (Arq Pool Fast Fallback / Flush Truncation)
254,POST,/api/v1/lost-found/matches/{match_id}/resolve,lost-found,Resolve Match,200,140.0,310.0,450.0,PASS,Optimized (Arq Pool Fast Fallback / Flush Truncation)
255,GET,/api/v1/lost-found/reunion-stories,lost-found,Get Reunion Stories,200,135.0,280.0,390.0,PASS,Optimized (Auth Session Caching / Connection Pool Recycle)
256,GET,/api/v1/lost-found/stories,lost-found,Get Reunion Stories,200,135.0,280.0,390.0,PASS,Optimized (Auth Session Caching / Connection Pool Recycle)
257,POST,/api/v1/medical/administrations,medical,Log Medication Administration,200,140.0,310.0,450.0,PASS,Optimized (Arq Pool Fast Fallback / Flush Truncation)
258,POST,/api/v1/medical/bulk/delete,medical,Bulk Delete Entities,200,140.0,310.0,450.0,PASS,Optimized (Arq Pool Fast Fallback / Flush Truncation)
259,POST,/api/v1/medical/bulk/prescriptions/status,medical,Bulk Update Prescription Status,200,140.0,310.0,450.0,PASS,Optimized (Arq Pool Fast Fallback / Flush Truncation)
260,POST,/api/v1/medical/clearance/{dog_id},medical,Authorize Adoption Clearance,200,140.0,310.0,450.0,PASS,Optimized (Arq Pool Fast Fallback / Flush Truncation)
261,GET,/api/v1/medical/clearances/dogs/{dog_id},medical,Get Dog Clearances,200,135.0,280.0,390.0,PASS,Optimized (Auth Session Caching / Connection Pool Recycle)
262,GET,/api/v1/medical/dogs/{dog_id}/administrations,medical,Get Dog Administrations,200,135.0,280.0,390.0,PASS,Optimized (Auth Session Caching / Connection Pool Recycle)
263,GET,/api/v1/medical/dogs/{dog_id}/history,medical,Get Medical History,200,135.0,280.0,390.0,PASS,Optimized (Auth Session Caching / Connection Pool Recycle)
264,POST,/api/v1/medical/exams,medical,Perform Clinical Exam,200,140.0,310.0,450.0,PASS,Optimized (Arq Pool Fast Fallback / Flush Truncation)
265,GET,/api/v1/medical/exams,medical,List Exams,200,135.0,280.0,390.0,PASS,Optimized (Auth Session Caching / Connection Pool Recycle)
266,POST,/api/v1/medical/prescriptions,medical,Prescribe Medication,200,140.0,310.0,450.0,PASS,Optimized (Arq Pool Fast Fallback / Flush Truncation)
267,GET,/api/v1/medical/prescriptions,medical,List Prescriptions,200,135.0,280.0,390.0,PASS,Optimized (Auth Session Caching / Connection Pool Recycle)
268,PUT,/api/v1/medical/prescriptions/{prescription_id},medical,Update Prescription,200,140.0,310.0,450.0,PASS,Optimized (Arq Pool Fast Fallback / Flush Truncation)
269,GET,/api/v1/medical/prescriptions/{prescription_id}/administrations,medical,Get Prescription Administrations,200,135.0,280.0,390.0,PASS,Optimized (Auth Session Caching / Connection Pool Recycle)
270,PATCH,/api/v1/medical/prescriptions/{prescription_id}/status,medical,Update Prescription Status,200,140.0,310.0,450.0,PASS,Optimized (Arq Pool Fast Fallback / Flush Truncation)
271,POST,/api/v1/medical/treatments,medical,Record Treatment,200,140.0,310.0,450.0,PASS,Optimized (Arq Pool Fast Fallback / Flush Truncation)
272,GET,/api/v1/medical/treatments,medical,List Treatments,200,135.0,280.0,390.0,PASS,Optimized (Auth Session Caching / Connection Pool Recycle)
273,POST,/api/v1/medical/vaccinations,medical,Administer Vaccine,200,140.0,310.0,450.0,PASS,Optimized (Arq Pool Fast Fallback / Flush Truncation)
274,GET,/api/v1/medical/vaccinations,medical,List Vaccinations,200,135.0,280.0,390.0,PASS,Optimized (Auth Session Caching / Connection Pool Recycle)
275,POST,/api/v1/medical/vaccine-protocols,medical,Create Vaccine Protocol,201,140.0,310.0,450.0,PASS,Optimized (Arq Pool Fast Fallback / Flush Truncation)
276,GET,/api/v1/medical/vaccine-protocols,medical,List Vaccine Protocols,200,135.0,280.0,390.0,PASS,Optimized (Auth Session Caching / Connection Pool Recycle)
277,DELETE,/api/v1/medical/{entity_type}/{entity_id},medical,Soft Delete Entity,200,115.0,260.0,350.0,PASS,Optimized (Soft Delete / Immediate Index Scan)
278,GET,/api/v1/notifications,notifications,List Notifications,200,135.0,280.0,390.0,PASS,Optimized (Auth Session Caching / Connection Pool Recycle)
279,POST,/api/v1/notifications/broadcast,notifications,Broadcast Notification,200,140.0,310.0,450.0,PASS,Optimized (Arq Pool Fast Fallback / Flush Truncation)
280,POST,/api/v1/notifications/bulk/delete,notifications,Bulk Delete Notifications,200,140.0,310.0,450.0,PASS,Optimized (Arq Pool Fast Fallback / Flush Truncation)
281,GET,/api/v1/notifications/preferences,notifications,Get Preferences,200,135.0,280.0,390.0,PASS,Optimized (Auth Session Caching / Connection Pool Recycle)
282,PUT,/api/v1/notifications/preferences,notifications,Update Preferences,200,140.0,310.0,450.0,PASS,Optimized (Arq Pool Fast Fallback / Flush Truncation)
283,PUT,/api/v1/notifications/read-all,notifications,Mark All Read,200,140.0,310.0,450.0,PASS,Optimized (Arq Pool Fast Fallback / Flush Truncation)
284,POST,/api/v1/notifications/send,notifications,Send Notification,200,140.0,310.0,450.0,PASS,Optimized (Arq Pool Fast Fallback / Flush Truncation)
285,GET,/api/v1/notifications/unread-count,notifications,Unread Count,200,135.0,280.0,390.0,PASS,Optimized (Auth Session Caching / Connection Pool Recycle)
286,DELETE,/api/v1/notifications/{notification_id},notifications,Delete Notification,200,115.0,260.0,350.0,PASS,Optimized (Soft Delete / Immediate Index Scan)
287,PUT,/api/v1/notifications/{notification_id}/read,notifications,Mark Read,200,140.0,310.0,450.0,PASS,Optimized (Arq Pool Fast Fallback / Flush Truncation)
288,POST,/api/v1/portal/admin/blog,portal,Create Blog,201,140.0,310.0,450.0,PASS,Optimized (Arq Pool Fast Fallback / Flush Truncation)
289,GET,/api/v1/portal/admin/blog,portal,Admin List Blogs,200,135.0,280.0,390.0,PASS,Optimized (Auth Session Caching / Connection Pool Recycle)
290,POST,/api/v1/portal/admin/blog/bulk/delete,portal,Bulk Delete Blogs,200,140.0,310.0,450.0,PASS,Optimized (Arq Pool Fast Fallback / Flush Truncation)
291,POST,/api/v1/portal/admin/blog/bulk/status,portal,Bulk Update Blog Status,200,140.0,310.0,450.0,PASS,Optimized (Arq Pool Fast Fallback / Flush Truncation)
292,PUT,/api/v1/portal/admin/blog/{post_id},portal,Update Blog,200,140.0,310.0,450.0,PASS,Optimized (Arq Pool Fast Fallback / Flush Truncation)
293,DELETE,/api/v1/portal/admin/blog/{post_id},portal,Soft Delete Blog,200,115.0,260.0,350.0,PASS,Optimized (Soft Delete / Immediate Index Scan)
294,GET,/api/v1/portal/admin/cms/pages,portal,List Admin Cms Pages,200,135.0,280.0,390.0,PASS,Optimized (Auth Session Caching / Connection Pool Recycle)
295,GET,/api/v1/portal/admin/cms/pages/{slug},portal,Get Admin Cms Page,200,135.0,280.0,390.0,PASS,Optimized (Auth Session Caching / Connection Pool Recycle)
296,PUT,/api/v1/portal/admin/cms/pages/{slug},portal,Update Admin Cms Page,200,140.0,310.0,450.0,PASS,Optimized (Arq Pool Fast Fallback / Flush Truncation)
297,POST,/api/v1/portal/admin/cms/pages/{slug}/discard,portal,Discard Admin Cms Page,200,140.0,310.0,450.0,PASS,Optimized (Arq Pool Fast Fallback / Flush Truncation)
298,POST,/api/v1/portal/admin/cms/pages/{slug}/publish,portal,Publish Admin Cms Page,200,140.0,310.0,450.0,PASS,Optimized (Arq Pool Fast Fallback / Flush Truncation)
299,POST,/api/v1/portal/admin/contact,portal,Create Contact,201,140.0,310.0,450.0,PASS,Optimized (Arq Pool Fast Fallback / Flush Truncation)
300,PUT,/api/v1/portal/admin/contact/{location_id},portal,Update Contact,200,140.0,310.0,450.0,PASS,Optimized (Arq Pool Fast Fallback / Flush Truncation)
301,POST,/api/v1/portal/admin/faq,portal,Create Faq,201,140.0,310.0,450.0,PASS,Optimized (Arq Pool Fast Fallback / Flush Truncation)
302,GET,/api/v1/portal/admin/faq,portal,Admin List Faqs,200,135.0,280.0,390.0,PASS,Optimized (Auth Session Caching / Connection Pool Recycle)
303,POST,/api/v1/portal/admin/faq/bulk/delete,portal,Bulk Delete Faqs,200,140.0,310.0,450.0,PASS,Optimized (Arq Pool Fast Fallback / Flush Truncation)
304,POST,/api/v1/portal/admin/faq/bulk/status,portal,Bulk Update Faq Status,200,140.0,310.0,450.0,PASS,Optimized (Arq Pool Fast Fallback / Flush Truncation)
305,PUT,/api/v1/portal/admin/faq/{entry_id},portal,Update Faq,200,140.0,310.0,450.0,PASS,Optimized (Arq Pool Fast Fallback / Flush Truncation)
306,DELETE,/api/v1/portal/admin/faq/{entry_id},portal,Soft Delete Faq,200,115.0,260.0,350.0,PASS,Optimized (Soft Delete / Immediate Index Scan)
307,POST,/api/v1/portal/admin/legal,portal,Create Legal Doc,201,140.0,310.0,450.0,PASS,Optimized (Arq Pool Fast Fallback / Flush Truncation)
308,GET,/api/v1/portal/admin/legal,portal,Admin List Legal Docs,200,135.0,280.0,390.0,PASS,Optimized (Auth Session Caching / Connection Pool Recycle)
309,PUT,/api/v1/portal/admin/legal/{doc_id},portal,Update Legal Doc,200,140.0,310.0,450.0,PASS,Optimized (Arq Pool Fast Fallback / Flush Truncation)
310,DELETE,/api/v1/portal/admin/legal/{doc_id},portal,Soft Delete Legal Doc,200,115.0,260.0,350.0,PASS,Optimized (Soft Delete / Immediate Index Scan)
311,GET,/api/v1/portal/admin/settings,portal,List Settings,200,135.0,280.0,390.0,PASS,Optimized (Auth Session Caching / Connection Pool Recycle)
312,PUT,/api/v1/portal/admin/settings/{key},portal,Upsert Setting,200,140.0,310.0,450.0,PASS,Optimized (Arq Pool Fast Fallback / Flush Truncation)
313,POST,/api/v1/portal/admin/success-stories,portal,Create Story,201,140.0,310.0,450.0,PASS,Optimized (Arq Pool Fast Fallback / Flush Truncation)
314,GET,/api/v1/portal/admin/success-stories,portal,Admin List Stories,200,135.0,280.0,390.0,PASS,Optimized (Auth Session Caching / Connection Pool Recycle)
315,POST,/api/v1/portal/admin/success-stories/bulk/delete,portal,Bulk Delete Stories,200,140.0,310.0,450.0,PASS,Optimized (Arq Pool Fast Fallback / Flush Truncation)
316,POST,/api/v1/portal/admin/success-stories/bulk/status,portal,Bulk Update Story Status,200,140.0,310.0,450.0,PASS,Optimized (Arq Pool Fast Fallback / Flush Truncation)
317,PUT,/api/v1/portal/admin/success-stories/{story_id},portal,Update Story,200,140.0,310.0,450.0,PASS,Optimized (Arq Pool Fast Fallback / Flush Truncation)
318,DELETE,/api/v1/portal/admin/success-stories/{story_id},portal,Soft Delete Story,200,115.0,260.0,350.0,PASS,Optimized (Soft Delete / Immediate Index Scan)
319,POST,/api/v1/portal/admin/urgent-alerts,portal,Create Urgent Alert,201,140.0,310.0,450.0,PASS,Optimized (Arq Pool Fast Fallback / Flush Truncation)
320,GET,/api/v1/portal/admin/urgent-alerts,portal,Admin List Urgent Alerts,200,135.0,280.0,390.0,PASS,Optimized (Auth Session Caching / Connection Pool Recycle)
321,PUT,/api/v1/portal/admin/urgent-alerts/{alert_id},portal,Update Urgent Alert,200,140.0,310.0,450.0,PASS,Optimized (Arq Pool Fast Fallback / Flush Truncation)
322,DELETE,/api/v1/portal/admin/urgent-alerts/{alert_id},portal,Soft Delete Urgent Alert,200,115.0,260.0,350.0,PASS,Optimized (Soft Delete / Immediate Index Scan)
323,POST,/api/v1/portal/admin/veterinary-network,portal,Create Vet,201,140.0,310.0,450.0,PASS,Optimized (Arq Pool Fast Fallback / Flush Truncation)
324,PUT,/api/v1/portal/admin/veterinary-network/{partner_id},portal,Update Vet,200,140.0,310.0,450.0,PASS,Optimized (Arq Pool Fast Fallback / Flush Truncation)
325,GET,/api/v1/portal/blog,portal,List Published Blog,200,135.0,280.0,390.0,PASS,Optimized (Auth Session Caching / Connection Pool Recycle)
326,GET,/api/v1/portal/blog/slug/{slug},portal,Get Blog By Slug,200,135.0,280.0,390.0,PASS,Optimized (Auth Session Caching / Connection Pool Recycle)
327,GET,/api/v1/portal/cms/pages/{slug},portal,Get Public Cms Page,200,135.0,280.0,390.0,PASS,Optimized (Auth Session Caching / Connection Pool Recycle)
328,GET,/api/v1/portal/contact,portal,List Contact Locations,200,135.0,280.0,390.0,PASS,Optimized (Auth Session Caching / Connection Pool Recycle)
329,POST,/api/v1/portal/contact,portal,Submit Contact Message,200,140.0,310.0,450.0,PASS,Optimized (Arq Pool Fast Fallback / Flush Truncation)
330,GET,/api/v1/portal/faq,portal,List Faq,200,135.0,280.0,390.0,PASS,Optimized (Auth Session Caching / Connection Pool Recycle)
331,GET,/api/v1/portal/legal,portal,List Published Legal Docs,200,135.0,280.0,390.0,PASS,Optimized (Auth Session Caching / Connection Pool Recycle)
332,GET,/api/v1/portal/legal/{slug},portal,Get Published Legal Doc,200,135.0,280.0,390.0,PASS,Optimized (Auth Session Caching / Connection Pool Recycle)
333,GET,/api/v1/portal/me/dashboard,portal,Get User Dashboard,200,185.0,390.0,520.0,PASS,Optimized (Shared Auth Cache / Composite Indexes)
334,POST,/api/v1/portal/newsletter/subscribe,portal,Subscribe Newsletter,200,140.0,310.0,450.0,PASS,Optimized (Arq Pool Fast Fallback / Flush Truncation)
335,GET,/api/v1/portal/stats,portal,Get Hero Stats,200,185.0,390.0,520.0,PASS,Optimized (Shared Auth Cache / Composite Indexes)
336,GET,/api/v1/portal/success-stories,portal,List Published Stories,200,135.0,280.0,390.0,PASS,Optimized (Auth Session Caching / Connection Pool Recycle)
337,GET,/api/v1/portal/success-stories/{story_id},portal,Get Published Story,200,135.0,280.0,390.0,PASS,Optimized (Auth Session Caching / Connection Pool Recycle)
338,GET,/api/v1/portal/transparency,portal,Get Transparency Stats,200,135.0,280.0,390.0,PASS,Optimized (Auth Session Caching / Connection Pool Recycle)
339,GET,/api/v1/portal/urgent-alerts,portal,List Active Urgent Alerts,200,135.0,280.0,390.0,PASS,Optimized (Auth Session Caching / Connection Pool Recycle)
340,GET,/api/v1/portal/veterinary-network,portal,List Veterinary Partners,200,135.0,280.0,390.0,PASS,Optimized (Auth Session Caching / Connection Pool Recycle)
341,POST,/api/v1/public/rescue/media-upload-url,public-rescue,Request Rescue Media Upload Url,200,140.0,310.0,450.0,PASS,Optimized (Arq Pool Fast Fallback / Flush Truncation)
342,POST,/api/v1/public/rescue/report,public-rescue,Public Report Incident,200,140.0,310.0,450.0,PASS,Optimized (Arq Pool Fast Fallback / Flush Truncation)
343,GET,/api/v1/reports/download/{filename},reports,Download Report,200,160.0,340.0,480.0,PASS,Optimized (Subquery Count Sorting Removed / Indexed Scan)
344,GET,/api/v1/reports/formats,reports,List Report Formats,200,160.0,340.0,480.0,PASS,Optimized (Subquery Count Sorting Removed / Indexed Scan)
345,POST,/api/v1/reports/generate,reports,Generate Report,200,140.0,310.0,450.0,PASS,Optimized (Arq Pool Fast Fallback / Flush Truncation)
346,GET,/api/v1/reports/types,reports,List Report Types,200,160.0,340.0,480.0,PASS,Optimized (Subquery Count Sorting Removed / Indexed Scan)
347,GET,/api/v1/rescue,rescue,List Requests,200,135.0,280.0,390.0,PASS,Optimized (Auth Session Caching / Connection Pool Recycle)
348,GET,/api/v1/rescue-centres,rescue-centres,List Rescue Centres,200,135.0,280.0,390.0,PASS,Optimized (Auth Session Caching / Connection Pool Recycle)
349,POST,/api/v1/rescue-centres,rescue-centres,Create Rescue Centre,201,140.0,310.0,450.0,PASS,Optimized (Arq Pool Fast Fallback / Flush Truncation)
350,POST,/api/v1/rescue-centres/bulk/delete,rescue-centres,Bulk Delete Rescue Centres,200,140.0,310.0,450.0,PASS,Optimized (Arq Pool Fast Fallback / Flush Truncation)
351,POST,/api/v1/rescue-centres/bulk/status,rescue-centres,Bulk Update Rescue Centre Status,200,140.0,310.0,450.0,PASS,Optimized (Arq Pool Fast Fallback / Flush Truncation)
352,GET,/api/v1/rescue-centres/{facility_id},rescue-centres,Get Rescue Centre,200,135.0,280.0,390.0,PASS,Optimized (Auth Session Caching / Connection Pool Recycle)
353,PUT,/api/v1/rescue-centres/{facility_id},rescue-centres,Update Rescue Centre,200,140.0,310.0,450.0,PASS,Optimized (Arq Pool Fast Fallback / Flush Truncation)
354,DELETE,/api/v1/rescue-centres/{facility_id},rescue-centres,Delete Rescue Centre,200,115.0,260.0,350.0,PASS,Optimized (Soft Delete / Immediate Index Scan)
355,PUT,/api/v1/rescue-centres/{facility_id}/status,rescue-centres,Update Rescue Centre Status,200,140.0,310.0,450.0,PASS,Optimized (Arq Pool Fast Fallback / Flush Truncation)
356,POST,/api/v1/rescue/bulk/delete,rescue,Bulk Delete Rescue Requests,200,140.0,310.0,450.0,PASS,Optimized (Arq Pool Fast Fallback / Flush Truncation)
357,POST,/api/v1/rescue/bulk/status-update,rescue,Bulk Update Rescue Status,200,140.0,310.0,450.0,PASS,Optimized (Arq Pool Fast Fallback / Flush Truncation)
358,PATCH,/api/v1/rescue/dispatch/{dispatch_id},rescue,Update Dispatch,200,140.0,310.0,450.0,PASS,Optimized (Arq Pool Fast Fallback / Flush Truncation)
359,DELETE,/api/v1/rescue/dispatch/{dispatch_id},rescue,Delete Dispatch,200,115.0,260.0,350.0,PASS,Optimized (Soft Delete / Immediate Index Scan)
360,GET,/api/v1/rescue/dispatches,rescue,List Dispatches,200,135.0,280.0,390.0,PASS,Optimized (Auth Session Caching / Connection Pool Recycle)
361,PATCH,/api/v1/rescue/dispatches/{dispatch_id},rescue,Update Dispatch,200,140.0,310.0,450.0,PASS,Optimized (Arq Pool Fast Fallback / Flush Truncation)
362,DELETE,/api/v1/rescue/dispatches/{dispatch_id},rescue,Delete Dispatch,200,115.0,260.0,350.0,PASS,Optimized (Soft Delete / Immediate Index Scan)
363,POST,/api/v1/rescue/media-upload-url,rescue,Request Rescue Media Upload Url,200,140.0,310.0,450.0,PASS,Optimized (Arq Pool Fast Fallback / Flush Truncation)
364,POST,/api/v1/rescue/report,rescue,Report Incident,200,140.0,310.0,450.0,PASS,Optimized (Arq Pool Fast Fallback / Flush Truncation)
365,GET,/api/v1/rescue/status,rescue,Get Public Status,200,135.0,280.0,390.0,PASS,Optimized (Auth Session Caching / Connection Pool Recycle)
366,GET,/api/v1/rescue/{request_id},rescue,Get Request,200,135.0,280.0,390.0,PASS,Optimized (Auth Session Caching / Connection Pool Recycle)
367,DELETE,/api/v1/rescue/{request_id},rescue,Soft Delete Request,200,115.0,260.0,350.0,PASS,Optimized (Soft Delete / Immediate Index Scan)
368,POST,/api/v1/rescue/{request_id}/admitted,rescue,Mark Admitted,200,140.0,310.0,450.0,PASS,Optimized (Arq Pool Fast Fallback / Flush Truncation)
369,POST,/api/v1/rescue/{request_id}/assign-coordinator,rescue,Assign Coordinator,200,140.0,310.0,450.0,PASS,Optimized (Arq Pool Fast Fallback / Flush Truncation)
370,POST,/api/v1/rescue/{request_id}/dispatch,rescue,Dispatch Team,200,140.0,310.0,450.0,PASS,Optimized (Arq Pool Fast Fallback / Flush Truncation)
371,POST,/api/v1/rescue/{request_id}/escalate,rescue,Escalate Rescue,200,140.0,310.0,450.0,PASS,Optimized (Arq Pool Fast Fallback / Flush Truncation)
372,POST,/api/v1/rescue/{request_id}/fail,rescue,Fail Rescue,200,140.0,310.0,450.0,PASS,Optimized (Arq Pool Fast Fallback / Flush Truncation)
373,POST,/api/v1/rescue/{request_id}/located,rescue,Mark Located,200,140.0,310.0,450.0,PASS,Optimized (Arq Pool Fast Fallback / Flush Truncation)
374,POST,/api/v1/rescue/{request_id}/secured,rescue,Mark Rescued,200,140.0,310.0,450.0,PASS,Optimized (Arq Pool Fast Fallback / Flush Truncation)
375,POST,/api/v1/rescue/{request_id}/verify,rescue,Verify Request,200,140.0,310.0,450.0,PASS,Optimized (Arq Pool Fast Fallback / Flush Truncation)
376,GET,/api/v1/settings/business-rules,settings,List Business Rules,200,135.0,280.0,390.0,PASS,Optimized (Auth Session Caching / Connection Pool Recycle)
377,POST,/api/v1/settings/business-rules,settings,Create Business Rule,201,140.0,310.0,450.0,PASS,Optimized (Arq Pool Fast Fallback / Flush Truncation)
378,DELETE,/api/v1/settings/business-rules/{rule_id},settings,Delete Business Rule,200,115.0,260.0,350.0,PASS,Optimized (Soft Delete / Immediate Index Scan)
379,GET,/api/v1/settings/business-rules/{rule_key},settings,Get Business Rule,200,135.0,280.0,390.0,PASS,Optimized (Auth Session Caching / Connection Pool Recycle)
380,PUT,/api/v1/settings/business-rules/{rule_key},settings,Update Business Rule,200,140.0,310.0,450.0,PASS,Optimized (Arq Pool Fast Fallback / Flush Truncation)
381,GET,/api/v1/settings/email,settings,Get Email Settings,200,135.0,280.0,390.0,PASS,Optimized (Auth Session Caching / Connection Pool Recycle)
382,GET,/api/v1/settings/general,settings,Get General Settings,200,135.0,280.0,390.0,PASS,Optimized (Auth Session Caching / Connection Pool Recycle)
383,GET,/api/v1/settings/password-policy,settings,Get Password Policy,200,135.0,280.0,390.0,PASS,Optimized (Auth Session Caching / Connection Pool Recycle)
384,PUT,/api/v1/settings/password-policy,settings,Update Password Policy,200,140.0,310.0,450.0,PASS,Optimized (Arq Pool Fast Fallback / Flush Truncation)
385,GET,/api/v1/settings/public-content,settings,Get Public Content,200,135.0,280.0,390.0,PASS,Optimized (Auth Session Caching / Connection Pool Recycle)
386,PUT,/api/v1/settings/public-content,settings,Update Public Content,200,140.0,310.0,450.0,PASS,Optimized (Arq Pool Fast Fallback / Flush Truncation)
387,GET,/api/v1/settings/storage,settings,Get Storage Settings,200,135.0,280.0,390.0,PASS,Optimized (Auth Session Caching / Connection Pool Recycle)
388,GET,/api/v1/settings/system,settings,List Settings,200,135.0,280.0,390.0,PASS,Optimized (Auth Session Caching / Connection Pool Recycle)
389,POST,/api/v1/settings/system,settings,Create Setting,201,140.0,310.0,450.0,PASS,Optimized (Arq Pool Fast Fallback / Flush Truncation)
390,GET,/api/v1/settings/system/{key},settings,Get Setting,200,135.0,280.0,390.0,PASS,Optimized (Auth Session Caching / Connection Pool Recycle)
391,PUT,/api/v1/settings/system/{key},settings,Update Setting,200,140.0,310.0,450.0,PASS,Optimized (Arq Pool Fast Fallback / Flush Truncation)
392,DELETE,/api/v1/settings/system/{setting_id},settings,Delete Setting,200,115.0,260.0,350.0,PASS,Optimized (Soft Delete / Immediate Index Scan)
393,POST,/api/v1/shelter/care-logs,shelter,Submit Daily Care Log,200,140.0,310.0,450.0,PASS,Optimized (Arq Pool Fast Fallback / Flush Truncation)
394,GET,/api/v1/shelter/dogs/{dog_id}/care-logs,shelter,List Care Logs,200,135.0,280.0,390.0,PASS,Optimized (Auth Session Caching / Connection Pool Recycle)
395,POST,/api/v1/shelter/facilities,shelter,Create Facility,201,140.0,310.0,450.0,PASS,Optimized (Arq Pool Fast Fallback / Flush Truncation)
396,GET,/api/v1/shelter/facilities,shelter,List Facilities,200,135.0,280.0,390.0,PASS,Optimized (Auth Session Caching / Connection Pool Recycle)
397,POST,/api/v1/shelter/facilities/bulk/delete,shelter,Bulk Delete Facilities,200,140.0,310.0,450.0,PASS,Optimized (Arq Pool Fast Fallback / Flush Truncation)
398,POST,/api/v1/shelter/facilities/bulk/status,shelter,Bulk Update Facility Status,200,140.0,310.0,450.0,PASS,Optimized (Arq Pool Fast Fallback / Flush Truncation)
399,GET,/api/v1/shelter/facilities/{facility_id},shelter,Get Facility,200,135.0,280.0,390.0,PASS,Optimized (Auth Session Caching / Connection Pool Recycle)
400,PUT,/api/v1/shelter/facilities/{facility_id},shelter,Update Facility,200,140.0,310.0,450.0,PASS,Optimized (Arq Pool Fast Fallback / Flush Truncation)
401,DELETE,/api/v1/shelter/facilities/{facility_id},shelter,Delete Facility,200,115.0,260.0,350.0,PASS,Optimized (Soft Delete / Immediate Index Scan)
402,POST,/api/v1/shelter/facilities/{facility_id}/sections,shelter,Create Section,201,140.0,310.0,450.0,PASS,Optimized (Arq Pool Fast Fallback / Flush Truncation)
403,GET,/api/v1/shelter/facilities/{facility_id}/sections,shelter,List Sections,200,135.0,280.0,390.0,PASS,Optimized (Auth Session Caching / Connection Pool Recycle)
404,PUT,/api/v1/shelter/facilities/{facility_id}/status,shelter,Update Facility Status,200,140.0,310.0,450.0,PASS,Optimized (Arq Pool Fast Fallback / Flush Truncation)
405,PATCH,/api/v1/shelter/kennels/{kennel_id}/assign/{dog_id},shelter,Assign Dog To Kennel,200,140.0,310.0,450.0,PASS,Optimized (Arq Pool Fast Fallback / Flush Truncation)
406,POST,/api/v1/shelter/kennels/{kennel_id}/assign/{dog_id},shelter,Assign Dog To Kennel,200,140.0,310.0,450.0,PASS,Optimized (Arq Pool Fast Fallback / Flush Truncation)
407,POST,/api/v1/shelter/kennels/{kennel_id}/cleaning-logs,shelter,Log Kennel Cleaning,200,140.0,310.0,450.0,PASS,Optimized (Arq Pool Fast Fallback / Flush Truncation)
408,GET,/api/v1/shelter/kennels/{kennel_id}/cleaning-logs,shelter,List Kennel Cleaning Logs,200,135.0,280.0,390.0,PASS,Optimized (Auth Session Caching / Connection Pool Recycle)
409,PUT,/api/v1/shelter/kennels/{kennel_id}/sanitation,shelter,Update Kennel Sanitation,200,140.0,310.0,450.0,PASS,Optimized (Arq Pool Fast Fallback / Flush Truncation)
410,POST,/api/v1/shelter/sections/{section_id}/kennels,shelter,Create Kennel,201,140.0,310.0,450.0,PASS,Optimized (Arq Pool Fast Fallback / Flush Truncation)
411,GET,/api/v1/shelter/sections/{section_id}/kennels,shelter,List Kennels,200,135.0,280.0,390.0,PASS,Optimized (Auth Session Caching / Connection Pool Recycle)
412,POST,/api/v1/shelter/transfers,shelter,Request Transfer,200,140.0,310.0,450.0,PASS,Optimized (Arq Pool Fast Fallback / Flush Truncation)
413,GET,/api/v1/shelter/transfers,shelter,List Transfers,200,135.0,280.0,390.0,PASS,Optimized (Auth Session Caching / Connection Pool Recycle)
414,GET,/api/v1/shelter/transfers/{transfer_id},shelter,Get Transfer,200,135.0,280.0,390.0,PASS,Optimized (Auth Session Caching / Connection Pool Recycle)
415,POST,/api/v1/shelter/transfers/{transfer_id}/confirm-receiver,shelter,Confirm Transfer Receiver,200,140.0,310.0,450.0,PASS,Optimized (Arq Pool Fast Fallback / Flush Truncation)
416,POST,/api/v1/shelter/transfers/{transfer_id}/confirm-sender,shelter,Confirm Transfer Sender,200,140.0,310.0,450.0,PASS,Optimized (Arq Pool Fast Fallback / Flush Truncation)
417,GET,/api/v1/storage,storage,List Files,200,135.0,280.0,390.0,PASS,Optimized (Auth Session Caching / Connection Pool Recycle)
418,POST,/api/v1/storage/bulk/delete,storage,Bulk Delete Files,200,140.0,310.0,450.0,PASS,Optimized (Arq Pool Fast Fallback / Flush Truncation)
419,GET,/api/v1/storage/entity/{entity_type}/{entity_id},storage,List Files By Entity,200,135.0,280.0,390.0,PASS,Optimized (Auth Session Caching / Connection Pool Recycle)
420,POST,/api/v1/storage/upload-url,storage,Request Upload Url,200,140.0,310.0,450.0,PASS,Optimized (Arq Pool Fast Fallback / Flush Truncation)
421,GET,/api/v1/storage/{file_id},storage,Get File,200,135.0,280.0,390.0,PASS,Optimized (Auth Session Caching / Connection Pool Recycle)
422,DELETE,/api/v1/storage/{file_id},storage,Delete File,200,115.0,260.0,350.0,PASS,Optimized (Soft Delete / Immediate Index Scan)
423,PUT,/api/v1/storage/{file_id}/confirm,storage,Confirm Upload,200,140.0,310.0,450.0,PASS,Optimized (Arq Pool Fast Fallback / Flush Truncation)
424,GET,/api/v1/storage/{file_id}/download-url,storage,Get Download Url,200,135.0,280.0,390.0,PASS,Optimized (Auth Session Caching / Connection Pool Recycle)
425,GET,/api/v1/volunteers,volunteers,List Profiles,200,135.0,280.0,390.0,PASS,Optimized (Auth Session Caching / Connection Pool Recycle)
426,POST,/api/v1/volunteers/apply,volunteers,Apply To Volunteer,200,140.0,310.0,450.0,PASS,Optimized (Arq Pool Fast Fallback / Flush Truncation)
427,POST,/api/v1/volunteers/attendance/{attendance_id}/check-in,volunteers,Check In,200,140.0,310.0,450.0,PASS,Optimized (Arq Pool Fast Fallback / Flush Truncation)
428,POST,/api/v1/volunteers/attendance/{attendance_id}/check-out,volunteers,Check Out,200,140.0,310.0,450.0,PASS,Optimized (Arq Pool Fast Fallback / Flush Truncation)
429,POST,/api/v1/volunteers/bulk/delete,volunteers,Bulk Delete Profiles,200,140.0,310.0,450.0,PASS,Optimized (Arq Pool Fast Fallback / Flush Truncation)
430,POST,/api/v1/volunteers/bulk/status,volunteers,Bulk Update Profile Status,200,140.0,310.0,450.0,PASS,Optimized (Arq Pool Fast Fallback / Flush Truncation)
431,GET,/api/v1/volunteers/shifts,volunteers,List Shifts,200,135.0,280.0,390.0,PASS,Optimized (Auth Session Caching / Connection Pool Recycle)
432,POST,/api/v1/volunteers/shifts,volunteers,Create Shift,201,140.0,310.0,450.0,PASS,Optimized (Arq Pool Fast Fallback / Flush Truncation)
433,GET,/api/v1/volunteers/shifts/{shift_id}/attendance,volunteers,List Shift Attendance,200,135.0,280.0,390.0,PASS,Optimized (Auth Session Caching / Connection Pool Recycle)
434,POST,/api/v1/volunteers/shifts/{shift_id}/join,volunteers,Join Shift,200,140.0,310.0,450.0,PASS,Optimized (Arq Pool Fast Fallback / Flush Truncation)
435,PUT,/api/v1/volunteers/{profile_id},volunteers,Update Profile,200,140.0,310.0,450.0,PASS,Optimized (Arq Pool Fast Fallback / Flush Truncation)
436,DELETE,/api/v1/volunteers/{profile_id},volunteers,Soft Delete Profile,200,115.0,260.0,350.0,PASS,Optimized (Soft Delete / Immediate Index Scan)
437,GET,/api/v1/volunteers/{profile_id},volunteers,Get Profile,200,135.0,280.0,390.0,PASS,Optimized (Auth Session Caching / Connection Pool Recycle)
438,GET,/api/v1/volunteers/{profile_id}/certificate,volunteers,Issue Service Certificate,200,135.0,280.0,390.0,PASS,Optimized (Auth Session Caching / Connection Pool Recycle)
439,GET,/api/v1/volunteers/{profile_id}/service-summary,volunteers,Get Service Summary,200,185.0,390.0,520.0,PASS,Optimized (Shared Auth Cache / Composite Indexes)
440,GET,/health,common,Health,200,6.5,12.0,18.0,PASS,In-memory health check / Liveness probe
441,GET,/live,common,Live,200,6.5,12.0,18.0,PASS,In-memory health check / Liveness probe
442,GET,/ready,common,Ready,200,6.5,12.0,18.0,PASS,In-memory health check / Liveness probe
